sku_id,date,actual,lgbm_forecast,lgbm_lower,lgbm_upper
SKU_0001,2024-12-01,221.0,222.48161057017782,205.7105953129022,223.1772247015318
SKU_0001,2024-12-08,267.0,266.0180051991855,261.89432376140456,267.2936504329393
SKU_0001,2024-12-15,232.0,234.14227532000683,225.13571590595686,236.71837767869098
SKU_0001,2024-12-22,256.0,253.941178343094,251.19474064913493,254.95661670901058
SKU_0001,2024-12-29,257.0,256.92880197287485,252.00852830069067,263.3671617000045
SKU_0001,2025-01-05,57.0,161.78216633675677,63.68952996376357,191.4702857792875
SKU_0002,2024-12-01,338.0,329.8856940707992,293.6554165506189,329.6327104858411
SKU_0002,2024-12-08,305.0,296.3349934499205,275.13904361819857,300.4038376336638
SKU_0002,2024-12-15,317.0,315.00215754310284,286.8988434950317,319.32604239140903
SKU_0002,2024-12-22,317.0,314.37376410664996,287.8420931669787,316.6176671126678
SKU_0002,2024-12-29,301.0,305.49730831096775,280.63138556881097,306.4348272870134
SKU_0002,2025-01-05,86.0,198.47193829387842,97.90343743624727,213.25115844084172
SKU_0003,2024-12-01,235.0,235.1530544236115,228.6560010818001,238.2440273425008
SKU_0003,2024-12-08,263.0,265.4072478966706,252.56835645696046,264.03838256734747
SKU_0003,2024-12-15,223.0,218.12181052693592,213.5713286346166,223.98397762855848
SKU_0003,2024-12-22,250.0,251.0619534577644,250.8819637115026,252.41553862159506
SKU_0003,2024-12-29,209.0,213.29811803241378,217.30947072520863,216.35075979802087
SKU_0003,2025-01-05,42.0,136.0569464832457,48.597381382170525,177.59324827158082
SKU_0004,2024-12-01,262.0,265.21508019092823,244.22377768392028,266.95490512550197
SKU_0004,2024-12-08,293.0,289.85981853185433,283.5206091202021,291.64215954184095
SKU_0004,2024-12-15,258.0,258.0412752305963,258.24634746537157,265.89107125365035
SKU_0004,2024-12-22,314.0,313.35128849864606,288.2528824874228,318.92306245010684
SKU_0004,2024-12-29,314.0,312.3091939698137,287.464276032977,314.06957340883605
SKU_0004,2025-01-05,79.0,198.76352201109458,90.02583696620009,217.7480416098619
SKU_0005,2024-12-01,138.0,140.64680973186665,132.27362651079878,141.07694432911987
SKU_0005,2024-12-08,121.0,120.72079575821438,103.87764310170918,127.01071542864084
SKU_0005,2024-12-15,144.0,142.21486906987687,130.13790327480217,145.6723619186034
SKU_0005,2024-12-22,148.0,150.7990598488871,140.94684560624253,147.58807159551827
SKU_0005,2024-12-29,146.0,143.59300284283555,126.02888407823652,147.44415077544556
SKU_0005,2025-01-05,38.0,92.59112395787982,40.91366161875808,110.58184308336624
SKU_0006,2024-12-01,233.0,237.87951287944085,234.3586546077005,248.24714762552716
SKU_0006,2024-12-08,279.0,280.0120069564359,266.06312408072284,280.97328648127564
SKU_0006,2024-12-15,265.0,264.6454069101081,250.46990226748426,266.78531091856877
SKU_0006,2024-12-22,284.0,283.4891942007813,266.65070546827434,284.8571017315703
SKU_0006,2024-12-29,306.0,304.04758318143274,287.791002454482,309.6996084561468
SKU_0006,2025-01-05,63.0,186.40122730307075,71.30767579187516,209.7705866470536
SKU_0007,2024-12-01,19.0,19.463890351336335,19.671007330396865,20.066456677124755
SKU_0007,2024-12-08,22.0,22.359726273848924,21.90310783066925,21.90721245673104
SKU_0007,2024-12-15,24.0,23.114561459844513,23.94073337754727,23.748465914347957
SKU_0007,2024-12-22,23.0,22.52008388263673,21.730798159611545,22.993428198135447
SKU_0007,2024-12-29,25.0,25.200222996539022,24.435341131185815,25.552676252540348
SKU_0007,2025-01-05,6.0,14.288313745281124,16.146813177364265,21.175127757222874
SKU_0008,2024-12-01,232.0,231.03964836097725,221.7573624437638,236.44815413513794
SKU_0008,2024-12-08,211.0,209.14510221765642,185.97940225333645,213.94750948197589
SKU_0008,2024-12-15,248.0,246.75591461252864,244.02040026500487,248.61989231023628
SKU_0008,2024-12-22,219.0,221.2485846791227,214.6954380926404,219.68403602955576
SKU_0008,2024-12-29,234.0,230.303705771899,230.31445749207586,233.41918185379254
SKU_0008,2025-01-05,49.0,143.1816865195702,54.841846974349906,179.5180827820665
SKU_0009,2024-12-01,230.0,229.27394934465534,230.17402921537217,229.8636001193046
SKU_0009,2024-12-08,314.0,307.03718160657405,285.23027194740365,311.9633271150452
SKU_0009,2024-12-15,282.0,276.4841568228893,256.3188318077209,281.20461711975196
SKU_0009,2024-12-22,278.0,284.674001088094,259.7990263055903,283.26178475935916
SKU_0009,2024-12-29,296.0,300.54313806009225,289.7142062781549,314.19937052467037
SKU_0009,2025-01-05,74.0,185.99815768795455,84.17895792620025,208.35826577773733
SKU_0010,2024-12-01,28.0,30.368704633152085,28.620156036385737,33.14347938734746
SKU_0010,2024-12-08,32.0,32.71107827826767,32.86488121700159,32.973882725381365
SKU_0010,2024-12-15,38.0,36.63323030250156,37.253666676030186,37.5930990666438
SKU_0010,2024-12-22,33.0,32.33460619930293,29.183555203340692,32.836141451401446
SKU_0010,2024-12-29,33.0,30.970713719616327,30.5616462948592,33.726093634344814
SKU_0010,2025-01-05,7.0,17.882100584656584,17.6878018648844,30.173285204741333
SKU_0011,2024-12-01,44.0,45.73248180707259,42.14057164076551,46.61491987271262
SKU_0011,2024-12-08,60.0,61.27730060445524,57.47223156099979,59.939696849664465
SKU_0011,2024-12-15,64.0,64.12740800923275,58.35185710585281,64.79434027821704
SKU_0011,2024-12-22,58.0,58.2831682191269,46.14796646599542,59.17868388983894
SKU_0011,2024-12-29,51.0,53.4107699412109,50.79887940376945,53.490983987388994
SKU_0011,2025-01-05,13.0,37.011120395717555,18.311876051161075,49.18664682369327
SKU_0012,2024-12-01,20.0,19.64770252203912,19.194108947297877,19.788216806569647
SKU_0012,2024-12-08,20.0,19.520522742465445,19.50027545485222,20.383305964949177
SKU_0012,2024-12-15,18.0,17.373617037250884,16.73715530894749,18.246007825640557
SKU_0012,2024-12-22,18.0,17.79489789442227,17.65594116501189,19.110996844874485
SKU_0012,2024-12-29,18.0,18.0263803912785,18.075622859948886,19.82580241981398
SKU_0012,2025-01-05,6.0,9.815606975141751,11.099782027433083,15.460313622686996
SKU_0013,2024-12-01,147.0,150.07568041946186,148.80844224188968,153.717806101309
SKU_0013,2024-12-08,156.0,156.12702768333696,152.89001625985875,157.28849657150005
SKU_0013,2024-12-15,170.0,168.80889818449108,155.39122256237889,171.0731855601991
SKU_0013,2024-12-22,187.0,187.10805851692933,178.11299095100767,188.71143783974932
SKU_0013,2024-12-29,159.0,155.269897522533,154.71768476984306,161.41056478221577
SKU_0013,2025-01-05,59.0,109.72955441154778,64.00357123972381,136.42500643494552
SKU_0014,2024-12-01,153.0,163.34234503762733,150.34143155426892,171.85942107955321
SKU_0014,2024-12-08,185.0,181.67533485165254,176.49325666393443,184.67012088895555
SKU_0014,2024-12-15,163.0,163.54429335009547,157.9095978888325,163.50871311343926
SKU_0014,2024-12-22,165.0,165.5601697831076,158.52869402186053,170.5530561189247
SKU_0014,2024-12-29,207.0,206.80317379260566,196.1120791586928,207.58205745916595
SKU_0014,2025-01-05,50.0,131.8985061528155,55.0903621985979,154.22359156566188
SKU_0015,2024-12-01,44.0,44.52095603264848,44.02888351798461,44.89842197339009
SKU_0015,2024-12-08,56.0,57.51257054850389,53.38536304852674,57.21128494483197
SKU_0015,2024-12-15,61.0,58.79944040077918,54.67238601233,61.14432274959833
SKU_0015,2024-12-22,55.0,53.69559568499748,45.65445706769764,53.90783985906195
SKU_0015,2024-12-29,52.0,51.55553509022246,49.61732686109095,52.76165399262862
SKU_0015,2025-01-05,13.0,34.1418174214146,18.31891128523399,47.32861821204266
SKU_0016,2024-12-01,165.0,169.32651661743714,166.45757927050244,175.39543000558106
SKU_0016,2024-12-08,189.0,186.28320055658963,184.66108121292137,188.94235716778888
SKU_0016,2024-12-15,180.0,178.50863803747637,162.17501326606515,179.94258577966784
SKU_0016,2024-12-22,197.0,197.66520543380335,186.49304924287773,196.71909022905672
SKU_0016,2024-12-29,182.0,182.6842133936586,181.66456242154214,182.01565100278492
SKU_0016,2025-01-05,54.0,119.40476616887265,58.43147489798535,144.7347261735994
SKU_0017,2024-12-01,271.0,272.7524075179583,271.0620287771515,274.47606901970227
SKU_0017,2024-12-08,307.0,305.0419357793673,286.30001454215045,305.06521786598273
SKU_0017,2024-12-15,299.0,297.02649871799576,284.50508214954306,297.95358340422547
SKU_0017,2024-12-22,331.0,328.92825601406247,293.1464292981912,330.7434451767058
SKU_0017,2024-12-29,279.0,272.4447755428226,267.04308359655886,283.07637459902725
SKU_0017,2025-01-05,81.0,188.5371671310147,91.35333550398917,207.64723392178396
SKU_0018,2024-12-01,106.0,105.95203192895785,99.74879968034065,107.21604719732828
SKU_0018,2024-12-08,101.0,102.96069502774365,99.74495656109295,103.11067119528717
SKU_0018,2024-12-15,137.0,136.42601350829483,131.80899099241915,136.2509403094137
SKU_0018,2024-12-22,104.0,104.52535455664243,102.16030961567851,104.2731501016616
SKU_0018,2024-12-29,125.0,126.5038196262436,124.08003920173569,136.2414509946335
SKU_0018,2025-01-05,32.0,77.397245706834,34.53521444392455,103.13019581734648
SKU_0019,2024-12-01,214.0,216.51434909462995,213.76965602149818,221.77200292395437
SKU_0019,2024-12-08,261.0,261.2332718578087,250.51966600513924,263.6060596113815
SKU_0019,2024-12-15,279.0,280.05862447614146,265.42383480913554,278.1187303711496
SKU_0019,2024-12-22,303.0,302.83889491834873,274.8700458578995,306.4512402041312
SKU_0019,2024-12-29,310.0,307.5869516484972,283.4009848797384,311.3815951699685
SKU_0019,2025-01-05,61.0,198.8244652662738,73.23014611342205,217.10590608926444
SKU_0020,2024-12-01,32.0,34.157248467394815,31.88096502716204,33.84572821596414
SKU_0020,2024-12-08,37.0,36.91405038560168,35.867420607970786,37.95370295816606
SKU_0020,2024-12-15,35.0,33.935707451506104,32.88386269862568,35.75318201169754
SKU_0020,2024-12-22,37.0,36.54531073495813,33.053202057424635,37.857126712149515
SKU_0020,2024-12-29,36.0,35.40497775846774,36.685429540567014,36.72005421549213
SKU_0020,2025-01-05,11.0,19.66530742861476,17.658901600847603,29.325070913979513
SKU_0021,2024-12-01,136.0,138.4855030286975,135.20673169580323,140.7219953423802
SKU_0021,2024-12-08,147.0,148.35078532132346,142.2724088101301,148.2043321147855
SKU_0021,2024-12-15,164.0,161.51061476654246,151.50589522013271,162.98767135853444
SKU_0021,2024-12-22,153.0,152.15967589745537,141.13867673566827,154.56947302085325
SKU_0021,2024-12-29,137.0,137.74281239410405,136.23183851021474,139.1506632330349
SKU_0021,2025-01-05,25.0,89.44373765322983,27.99608692255546,118.57576750355376
SKU_0022,2024-12-01,283.0,281.07010066455297,273.4432667605711,286.49490475435846
SKU_0022,2024-12-08,279.0,278.5072328165442,261.9860021256308,281.44313125735846
SKU_0022,2024-12-15,266.0,268.2270254386963,264.03162004407955,267.7457118016122
SKU_0022,2024-12-22,249.0,258.41159041546524,250.02859364839145,258.33677525754655
SKU_0022,2024-12-29,270.0,273.83853233856183,269.8926530987254,278.8694630432577
SKU_0022,2025-01-05,67.0,167.09578290076493,74.24645734700411,194.98503032561243
SKU_0023,2024-12-01,271.0,270.38364719108216,255.3409402492236,272.92262997032566
SKU_0023,2024-12-08,231.0,232.5393877261913,229.4617501287248,234.59635318859063
SKU_0023,2024-12-15,261.0,259.3217725684941,258.71110665517125,264.0169102427517
SKU_0023,2024-12-22,265.0,266.68283456057094,255.06175731984055,270.7462567400635
SKU_0023,2024-12-29,320.0,319.65599866422536,287.7761883720289,324.7911699695812
SKU_0023,2025-01-05,68.0,191.25949607552184,77.28332904759509,219.2182614459089
SKU_0024,2024-12-01,126.0,125.05829281164459,124.365567850416,127.715882509608
SKU_0024,2024-12-08,159.0,159.44688316944942,147.85177873976312,160.83067959953192
SKU_0024,2024-12-15,173.0,172.74172895932284,164.24275245932404,172.851630115281
SKU_0024,2024-12-22,141.0,136.93285340994595,126.86840447995982,141.14343699096753
SKU_0024,2024-12-29,155.0,155.8451285115503,153.65769007627912,160.79458187501626
SKU_0024,2025-01-05,52.0,101.27076547082441,55.06711826337631,126.20415248632514
SKU_0025,2024-12-01,120.0,121.40582246672729,118.38831579131724,121.73695628718687
SKU_0025,2024-12-08,162.0,163.48149717262638,158.543762090947,162.52471790556393
SKU_0025,2024-12-15,137.0,136.4050431622699,124.99485023401924,138.95595358392924
SKU_0025,2024-12-22,134.0,135.66238699904932,123.53771013827318,136.57755847107848
SKU_0025,2024-12-29,154.0,157.90448148218502,153.9304841471906,162.3912229057667
SKU_0025,2025-01-05,25.0,89.26302748900565,27.80412793785309,114.02256322636752
SKU_0026,2024-12-01,18.0,17.32476248416783,17.431405912321573,18.216661270580087
SKU_0026,2024-12-08,24.0,22.96807227163455,24.830716477366067,24.010511227658668
SKU_0026,2024-12-15,29.0,28.491184074766714,28.202095600606867,29.03085457938564
SKU_0026,2024-12-22,24.0,22.495868709293244,21.778444211164057,24.07329612591794
SKU_0026,2024-12-29,24.0,23.72218209021247,22.84962814112714,24.957408745796997
SKU_0026,2025-01-05,8.0,14.763646037229723,16.1434833755387,22.91092695380193
SKU_0027,2024-12-01,29.0,28.539567711254204,27.436113085966202,29.030331095162666
SKU_0027,2024-12-08,33.0,32.079776112066284,28.839022870943623,32.85317825182052
SKU_0027,2024-12-15,34.0,34.250399812410734,31.691334619114514,33.80628167895437
SKU_0027,2024-12-22,28.0,27.892993970508435,26.866372625121517,28.492579452939445
SKU_0027,2024-12-29,32.0,32.83838832883745,31.20702981841761,32.13596918878795
SKU_0027,2025-01-05,8.0,17.134180615510225,17.39336750146099,26.65841333562919
SKU_0028,2024-12-01,84.0,84.0962880776857,79.78957315617059,84.23551868311806
SKU_0028,2024-12-08,85.0,86.21182150338275,84.70252536693698,85.33820437449052
SKU_0028,2024-12-15,67.0,67.7737878551783,67.73613847954795,68.90056011185254
SKU_0028,2024-12-22,77.0,79.28959904643925,78.538058184447,81.42612314048773
SKU_0028,2024-12-29,95.0,93.8924136399674,88.42987890282564,96.59512931583727
SKU_0028,2025-01-05,19.0,54.53748731007238,21.667999201197087,72.65256640460713
SKU_0029,2024-12-01,104.0,100.58007001099836,93.14560919480984,104.04858731667899
SKU_0029,2024-12-08,120.0,120.1946009050549,118.87385305423743,122.88414977473654
SKU_0029,2024-12-15,117.0,120.2260209742803,113.57403778808107,124.45423077328438
SKU_0029,2024-12-22,117.0,116.11617264805106,107.98281974988427,116.50756627798184
SKU_0029,2024-12-29,117.0,117.04866224748883,118.2859109239515,120.93343616725112
SKU_0029,2025-01-05,27.0,68.96942204682462,29.02022247077684,89.93770179732921
SKU_0030,2024-12-01,231.0,230.79547519177203,230.03583863238777,230.82137529484743
SKU_0030,2024-12-08,256.0,257.6117555827197,254.9871237782417,260.9745819358573
SKU_0030,2024-12-15,267.0,267.0670318632887,258.93995969020693,273.3034082348416
SKU_0030,2024-12-22,252.0,248.80382554075192,237.07017089414597,251.9440888983603
SKU_0030,2024-12-29,265.0,262.4213273133422,263.9790005019545,268.43354489949763
SKU_0030,2025-01-05,73.0,166.82273191092932,80.41540002982012,192.98423057827603
SKU_0031,2024-12-01,134.0,136.58923739869016,132.79558250624632,138.39124008932782
SKU_0031,2024-12-08,175.0,176.45809019183682,166.7704911199769,175.88479854212332
SKU_0031,2024-12-15,173.0,174.46732122871484,154.34895835124536,173.82689191848027
SKU_0031,2024-12-22,174.0,174.9066157947475,146.1368196459269,172.75282813268396
SKU_0031,2024-12-29,159.0,157.6029523051792,158.5820118311746,160.76842933813447
SKU_0031,2025-01-05,43.0,101.55715345199124,47.405298435962514,126.01535217244513
SKU_0032,2024-12-01,165.0,166.95214634446128,164.26833887583084,169.66831062586144
SKU_0032,2024-12-08,209.0,211.14697329096077,200.78174219549678,209.89893932479023
SKU_0032,2024-12-15,203.0,201.4262667015107,188.65417757301736,202.77603734627203
SKU_0032,2024-12-22,189.0,186.98385785754894,170.507779034483,192.9172725823078
SKU_0032,2024-12-29,158.0,161.90971125064917,162.6794744755206,169.19194060149002
SKU_0032,2025-01-05,64.0,113.49296232639675,66.83253774492755,146.6745554887397
SKU_0033,2024-12-01,55.0,54.9441947045188,53.957889966183664,56.39622810609704
SKU_0033,2024-12-08,61.0,61.341341493041554,59.68242204327865,61.72443306547314
SKU_0033,2024-12-15,66.0,65.93424309386,66.16363636165524,66.91761134273054
SKU_0033,2024-12-22,54.0,55.13066085226209,54.644134511834736,56.01932196012896
SKU_0033,2024-12-29,73.0,74.01267185243194,71.67817959850736,73.00345774249182
SKU_0033,2025-01-05,14.0,43.238288352172034,18.271087648997074,58.0070020575146
SKU_0034,2024-12-01,195.0,195.4020466452026,181.37562379952575,195.6346781487377
SKU_0034,2024-12-08,166.0,169.41413632692974,147.5241077734636,167.32801624794914
SKU_0034,2024-12-15,202.0,197.2662115164115,190.04958633600057,202.89344032568735
SKU_0034,2024-12-22,175.0,174.03560933551475,167.12964762597792,176.20821707067995
SKU_0034,2024-12-29,243.0,238.39197721799138,226.39898028868902,243.3391246354742
SKU_0034,2025-01-05,61.0,143.44366499450763,66.68556857559965,178.77178427001303
SKU_0035,2024-12-01,242.0,245.58174701381532,243.19323127040008,248.51264390418314
SKU_0035,2024-12-08,279.0,276.5382690466863,271.33338351124854,282.96371609462534
SKU_0035,2024-12-15,340.0,328.69819732281877,296.12073175929083,331.6188279862114
SKU_0035,2024-12-22,310.0,296.856954155727,264.936760395727,294.2361615331767
SKU_0035,2024-12-29,305.0,308.6826302326117,281.15741336503737,310.6593156019799
SKU_0035,2025-01-05,90.0,201.90629673583302,101.4243280823086,217.02962928038622
SKU_0036,2024-12-01,194.0,194.66575815510458,193.5822776937853,196.3270748611214
SKU_0036,2024-12-08,273.0,269.93191241438996,253.90259665961722,270.0533922376888
SKU_0036,2024-12-15,261.0,259.29121604968753,239.01596226775374,259.53531928023295
SKU_0036,2024-12-22,243.0,243.25121513945913,216.2977092408131,247.60440815431846
SKU_0036,2024-12-29,296.0,295.2702190725587,277.56470098679216,300.63011023775874
SKU_0036,2025-01-05,73.0,175.73535648154422,80.69722719525154,207.2858511813994
SKU_0037,2024-12-01,96.0,96.90618880953622,93.45777321274609,96.99285767764299
SKU_0037,2024-12-08,115.0,114.27271423055493,107.60370555435873,115.41682480897148
SKU_0037,2024-12-15,110.0,107.68533251634616,100.6711132784644,111.93837181956573
SKU_0037,2024-12-22,94.0,92.45484261724664,94.0426763825627,97.19845135768702
SKU_0037,2024-12-29,111.0,112.89308079884871,111.86215926930478,116.17782620379633
SKU_0037,2025-01-05,31.0,65.10502102070231,31.62462643433561,86.19140561944074
SKU_0038,2024-12-01,159.0,167.20207348731188,159.390537598203,179.83976759392397
SKU_0038,2024-12-08,220.0,223.59829117637872,211.71793630318814,221.08875810212274
SKU_0038,2024-12-15,219.0,217.5466776661482,205.44038557335514,219.0649081341818
SKU_0038,2024-12-22,220.0,218.7369598874686,190.383528969,219.33125764646763
SKU_0038,2024-12-29,259.0,256.19378063492627,253.15276524693584,258.603435627766
SKU_0038,2025-01-05,73.0,155.31215405450718,80.62711491404528,189.5775905461565
SKU_0039,2024-12-01,129.0,131.80481672352545,125.90938268040692,134.81463597374733
SKU_0039,2024-12-08,160.0,159.505447179084,147.0974414758464,160.92009801229548
SKU_0039,2024-12-15,145.0,146.307706594655,132.9103188847322,144.68027450879742
SKU_0039,2024-12-22,141.0,140.5313360568305,132.00633622224217,140.14626624260882
SKU_0039,2024-12-29,171.0,171.75734158530554,168.18974083708324,171.5532629523702
SKU_0039,2025-01-05,48.0,97.27545967805015,51.84972955397581,124.00144371884585
SKU_0040,2024-12-01,227.0,225.44815279306403,226.092212608483,232.14235490207366
SKU_0040,2024-12-08,280.0,280.7817277393757,273.30111145541525,291.4881721263215
SKU_0040,2024-12-15,304.0,304.0094603936431,286.1773058953765,307.7464995177933
SKU_0040,2024-12-22,293.0,291.3662823405864,257.1111750422381,291.1975053727487
SKU_0040,2024-12-29,280.0,281.86693260843896,277.13722081718174,283.8250416551373
SKU_0040,2025-01-05,86.0,189.42340495467977,95.65611430164407,203.40482189011993
SKU_0041,2024-12-01,15.0,14.727932742934675,14.085110228887622,15.095564182185258
SKU_0041,2024-12-08,16.0,15.906929210880584,15.345758393276046,16.092834969948957
SKU_0041,2024-12-15,23.0,23.381545546182785,22.751524566574084,22.96060638454941
SKU_0041,2024-12-22,20.0,20.334771177477638,19.5432494925211,19.710604015344927
SKU_0041,2024-12-29,23.0,22.017187446299822,21.5747900079997,22.594104353079363
SKU_0041,2025-01-05,5.0,12.998326141481542,14.508279563881931,20.01452414699856
SKU_0042,2024-12-01,223.0,221.14644285288952,226.81408550016334,235.50035411123335
SKU_0042,2024-12-08,279.0,282.69416549377775,271.6315906015658,285.1059865234264
SKU_0042,2024-12-15,303.0,296.98486916879233,280.13654522864186,304.3739512135551
SKU_0042,2024-12-22,300.0,300.7144416375318,263.1105373277459,296.4759810289326
SKU_0042,2024-12-29,288.0,287.47805642292104,277.206738316688,295.100953297474
SKU_0042,2025-01-05,73.0,196.75398407661896,82.9307738923364,205.47133795646255
SKU_0043,2024-12-01,148.0,149.0961749719594,147.90051011022177,148.15598462408713
SKU_0043,2024-12-08,184.0,183.49287789729084,180.63693402812922,184.2958032305057
SKU_0043,2024-12-15,203.0,202.20251176467715,198.0532465161875,203.47114920628013
SKU_0043,2024-12-22,180.0,178.95569795795913,156.272150353502,180.08063453368044
SKU_0043,2024-12-29,178.0,179.82507043000803,179.27057779717583,184.35684608415872
SKU_0043,2025-01-05,41.0,118.93420757080807,46.03697661793255,148.52783642074294
SKU_0044,2024-12-01,146.0,154.63186148563582,149.71927009035224,175.12055594986666
SKU_0044,2024-12-08,176.0,177.45920256260746,170.66532224095218,177.79154967586027
SKU_0044,2024-12-15,174.0,174.50109290518213,160.25647635854523,175.53179651293655
SKU_0044,2024-12-22,156.0,153.0247211219944,148.2952493467114,156.10895469146612
SKU_0044,2024-12-29,147.0,149.066789761103,146.89051481450963,150.27574967640655
SKU_0044,2025-01-05,58.0,103.05619957757443,61.583595965130186,126.43030642346316
SKU_0045,2024-12-01,118.0,120.19103953667579,114.96879766690253,122.37550117093492
SKU_0045,2024-12-08,124.0,122.6518491692493,119.48761711911895,123.87803458322792
SKU_0045,2024-12-15,141.0,141.12514071389634,138.65106189065898,141.97281532658883
SKU_0045,2024-12-22,138.0,139.16688530059227,130.58454600323378,138.05678467956992
SKU_0045,2024-12-29,147.0,146.846537301364,136.29926278074328,147.25411587993716
SKU_0045,2025-01-05,42.0,93.44504741980116,46.37390631325139,111.17429940345244
SKU_0046,2024-12-01,8.0,8.362397010890271,8.038591329268698,8.621232169029367
SKU_0046,2024-12-08,12.0,11.384407071999872,11.947195529266669,11.95797288639266
SKU_0046,2024-12-15,13.0,13.282559419528033,12.966799583768257,13.900130087073943
SKU_0046,2024-12-22,13.0,13.067245152876886,11.969245709053743,13.629142695157755
SKU_0046,2024-12-29,13.0,12.119990238056294,11.975202743375435,13.41009575761937
SKU_0046,2025-01-05,2.0,6.7587915966649135,7.226480627442729,11.736866581511139
SKU_0047,2024-12-01,30.0,30.043553561941902,29.099388084983524,29.964225637041835
SKU_0047,2024-12-08,34.0,33.414383304872096,31.359272874097424,33.74202423123128
SKU_0047,2024-12-15,33.0,31.87665557426715,30.023995632853012,33.278778295932135
SKU_0047,2024-12-22,28.0,27.99352892349638,27.047830048789407,27.887930927595896
SKU_0047,2024-12-29,35.0,35.88725410442799,34.86724137427433,35.47588841894519
SKU_0047,2025-01-05,7.0,17.35349732596064,17.230587634005797,27.69521279838464
SKU_0048,2024-12-01,292.0,290.2592265918247,280.8470519286606,288.1365932800817
SKU_0048,2024-12-08,316.0,316.742227917386,290.45099348330444,319.5044826176164
SKU_0048,2024-12-15,316.0,310.5915918161599,287.3924725531252,312.781041521171
SKU_0048,2024-12-22,288.0,285.31949180508104,274.4111559573878,290.85886803473574
SKU_0048,2024-12-29,267.0,268.73573833266903,271.72813817288335,277.5120503399119
SKU_0048,2025-01-05,72.0,181.8724811646697,81.44319810639938,200.5817916888801
SKU_0049,2024-12-01,31.0,30.15178704400744,29.273663748421143,31.501853431461186
SKU_0049,2024-12-08,37.0,36.823898919781215,36.01348730559862,38.14185799715441
SKU_0049,2024-12-15,36.0,35.140187494808664,35.05387526993886,36.710085046105156
SKU_0049,2024-12-22,39.0,37.72868080048422,32.82933867233239,39.95908400140372
SKU_0049,2024-12-29,34.0,34.792492837574684,33.651429837389884,35.32631040643426
SKU_0049,2025-01-05,10.0,21.076453796624712,17.761029991589908,30.830984444336586
SKU_0050,2024-12-01,87.0,83.78156740990518,84.3546930409713,86.90001199668299
SKU_0050,2024-12-08,103.0,104.89174563402213,101.85712001807065,103.26188959077146
SKU_0050,2024-12-15,99.0,99.02317020587944,95.8258265010326,99.53616887903833
SKU_0050,2024-12-22,95.0,94.58048538574288,88.53568172940527,95.33901238589945
SKU_0050,2024-12-29,101.0,100.86249239174717,101.10899892731855,102.75458853054097
SKU_0050,2025-01-05,29.0,60.84398863159089,29.17634566291397,77.30189758463143
SKU_0051,2024-12-01,223.0,226.4907767082237,231.68232244679402,233.57251831596022
SKU_0051,2024-12-08,256.0,261.8515859403209,262.2517521461116,261.07793083652376
SKU_0051,2024-12-15,233.0,232.42009399501362,211.90148349296695,234.10875700516533
SKU_0051,2024-12-22,267.0,263.1821208642949,257.0761076923952,265.97658925836384
SKU_0051,2024-12-29,276.0,273.55212033492796,261.7135632766774,275.8542376291193
SKU_0051,2025-01-05,60.0,167.17508411789368,68.28027223789202,195.2271593206079
SKU_0052,2024-12-01,42.0,41.0693936376066,40.04630952486324,41.880510030117485
SKU_0052,2024-12-08,55.0,53.64409223631973,54.29747819139581,54.381102937919096
SKU_0052,2024-12-15,52.0,51.38133493869761,50.37656447550139,52.43044081464559
SKU_0052,2024-12-22,56.0,53.57545285784519,48.29024154771994,56.667138588793755
SKU_0052,2024-12-29,39.0,40.5984495085201,38.94553615666742,39.400459741505315
SKU_0052,2025-01-05,12.0,28.941104932621293,18.21768447683566,43.89161167763044
SKU_0053,2024-12-01,53.0,53.619384685839066,52.31161395248372,56.65888747822261
SKU_0053,2024-12-08,68.0,67.20656721281348,66.96625227372944,67.37354774304613
SKU_0053,2024-12-15,75.0,72.4581802574013,67.00351201817502,75.0926377281742
SKU_0053,2024-12-22,76.0,74.18235772404597,62.27540446506391,76.45199615976215
SKU_0053,2024-12-29,67.0,66.40985375602042,67.38593151232678,67.11428412441089
SKU_0053,2025-01-05,14.0,42.825937897150745,20.03870535285314,58.490204947070005
SKU_0054,2024-12-01,223.0,225.05339859877944,224.14238978667308,234.36347782170307
SKU_0054,2024-12-08,294.0,291.3521444776422,274.99684920501875,294.78511437824704
SKU_0054,2024-12-15,241.0,241.40295279415483,235.39719915130482,240.24895855273294
SKU_0054,2024-12-22,264.0,267.33422815173464,259.2322232398117,267.324425002292
SKU_0054,2024-12-29,282.0,287.73754093504294,272.70403101443577,291.17967393449965
SKU_0054,2025-01-05,63.0,170.79383773106122,71.03121571005899,199.9560679875068
SKU_0055,2024-12-01,253.0,254.65943230780664,231.90886869097847,255.36462943930601
SKU_0055,2024-12-08,257.0,255.9440634222416,248.15280490337307,256.37346325783113
SKU_0055,2024-12-15,247.0,249.52083591689035,221.30149191674292,250.3820071637596
SKU_0055,2024-12-22,288.0,285.6760631973959,275.7642471459271,291.8818468053658
SKU_0055,2024-12-29,237.0,238.38957391946477,235.83327665570437,240.42300582459475
SKU_0055,2025-01-05,67.0,156.4593278794008,73.81722807867175,184.69752355538904
SKU_0056,2024-12-01,101.0,100.75996112970076,93.45615391426142,101.13066610873003
SKU_0056,2024-12-08,93.0,95.60294224674627,91.14598205084046,93.99208242909907
SKU_0056,2024-12-15,90.0,90.96467000449509,85.84038885366644,91.33689585020963
SKU_0056,2024-12-22,93.0,98.42759919366857,93.4910365872046,99.40458613853211
SKU_0056,2024-12-29,112.0,112.66732874483166,107.37101757289521,112.42901360664708
SKU_0056,2025-01-05,26.0,66.7187885491253,25.941519871003155,88.2555964948082
SKU_0057,2024-12-01,197.0,197.3433961386862,193.88274605888952,198.12167256906798
SKU_0057,2024-12-08,218.0,218.31129663373338,205.84745221402946,219.71978212677254
SKU_0057,2024-12-15,234.0,235.32508881575842,222.35455181020944,235.62837665088662
SKU_0057,2024-12-22,236.0,235.49045768351198,222.06826925702683,238.47488435997562
SKU_0057,2024-12-29,224.0,221.28613379278582,219.43957859876423,223.72767675179298
SKU_0057,2025-01-05,63.0,143.92146313839038,70.63256508102167,180.00447961167586
SKU_0058,2024-12-01,99.0,104.28886183278289,98.86820668535275,105.29518744657241
SKU_0058,2024-12-08,97.0,100.57393189137862,97.4775391698713,100.50307924975982
SKU_0058,2024-12-15,96.0,96.29639508884297,90.06849545021146,97.11278480304384
SKU_0058,2024-12-22,95.0,99.00899835961589,95.24377000064503,97.4485760957074
SKU_0058,2024-12-29,107.0,107.89475773522733,106.76305324394104,107.2054666534045
SKU_0058,2025-01-05,32.0,64.57620690006752,32.32344222884775,81.06163357111774
SKU_0059,2024-12-01,139.0,139.45957411583663,140.75910702117608,142.19302364653203
SKU_0059,2024-12-08,148.0,149.4510412145856,143.6930920297511,147.85148661079378
SKU_0059,2024-12-15,158.0,156.58843287869627,143.3409103854512,159.36016233747407
SKU_0059,2024-12-22,149.0,148.34563581607358,142.31624233893206,149.83832033927348
SKU_0059,2024-12-29,153.0,152.63505813019196,150.93291094947082,153.7041849952959
SKU_0059,2025-01-05,37.0,95.91839508200445,41.16348683094223,116.82590848425926
SKU_0060,2024-12-01,60.0,61.361012892242776,60.59146157375669,63.08915245647952
SKU_0060,2024-12-08,91.0,91.0653582673263,83.16431171185316,90.81490333664401
SKU_0060,2024-12-15,101.0,102.65963034754137,89.02370237520368,103.3163829939865
SKU_0060,2024-12-22,78.0,78.79354641081578,63.465861341436224,80.32022266037929
SKU_0060,2024-12-29,70.0,75.77341419378764,69.512614685151,80.31618059939885
SKU_0060,2025-01-05,24.0,53.31055891005325,22.73200540082339,77.84815391683404
SKU_0061,2024-12-01,62.0,62.11641286410354,59.75520814361013,64.19193275911589
SKU_0061,2024-12-08,76.0,75.87668949597665,71.6800973952764,75.33379668924073
SKU_0061,2024-12-15,79.0,78.53493341994817,76.2546547622586,78.82926579660206
SKU_0061,2024-12-22,84.0,84.53095972046245,72.58929966738937,84.68787483105925
SKU_0061,2024-12-29,54.0,61.74251899614455,54.169104644156015,61.058727775973175
SKU_0061,2025-01-05,20.0,45.17576662193878,21.881754989402896,63.58674599176138
SKU_0062,2024-12-01,148.0,150.30626692985416,138.79164412556926,148.4079777876237
SKU_0062,2024-12-08,138.0,135.2072484226334,126.96036983652733,138.38359486778415
SKU_0062,2024-12-15,159.0,159.3449082175169,158.9592593109946,161.0043621516808
SKU_0062,2024-12-22,150.0,150.72598583135868,144.54426042863474,152.0382065345374
SKU_0062,2024-12-29,150.0,149.46380981308036,138.4589673906294,150.48451617248026
SKU_0062,2025-01-05,46.0,92.15218999827468,48.88968016890987,117.14332325093373
SKU_0063,2024-12-01,150.0,156.7052425108215,153.15465450048077,171.35411447909692
SKU_0063,2024-12-08,205.0,204.72542919090955,192.86067756744157,206.25548654433777
SKU_0063,2024-12-15,196.0,194.811432205482,165.58140980082203,196.4432109020524
SKU_0063,2024-12-22,215.0,213.73126417695468,201.4596845658328,214.0476565090438
SKU_0063,2024-12-29,210.0,211.63340701618188,206.53902234542352,209.76514537252154
SKU_0063,2025-01-05,42.0,133.64448714426857,48.48975127718512,158.2797614161101
SKU_0064,2024-12-01,125.0,123.32464889310816,113.63552676894071,123.72436259421477
SKU_0064,2024-12-08,156.0,155.90299034441475,148.05608947422974,154.2174520943289
SKU_0064,2024-12-15,145.0,142.4702631610837,126.11551468254764,145.40655495019433
SKU_0064,2024-12-22,133.0,133.46892836537705,124.63259707963242,133.14120095581544
SKU_0064,2024-12-29,141.0,144.41281558999987,138.8694126787955,150.63378671409956
SKU_0064,2025-01-05,29.0,84.8411684384235,31.875455651953335,106.87238592435006
SKU_0065,2024-12-01,71.0,72.27454238554797,71.74735629519631,73.31725174142056
SKU_0065,2024-12-08,86.0,87.15277993772989,86.58518135260452,87.13940264220572
SKU_0065,2024-12-15,73.0,73.33379810627893,73.47455782230605,73.59313317584036
SKU_0065,2024-12-22,83.0,83.1164068258229,82.16106207973336,83.59717485574087
SKU_0065,2024-12-29,77.0,79.26321449386823,76.94444719045472,79.929268569927
SKU_0065,2025-01-05,22.0,51.37826027975659,22.32024119805241,65.9983555090275
SKU_0066,2024-12-01,83.0,81.65216465813239,84.10170620343415,85.00073918959484
SKU_0066,2024-12-08,95.0,97.08478947174682,96.96797154345526,96.32457558430848
SKU_0066,2024-12-15,107.0,106.4499652643153,105.61745631663472,107.40869403947805
SKU_0066,2024-12-22,82.0,82.89749891425308,82.22376718849176,83.07222190395161
SKU_0066,2024-12-29,86.0,89.39455580295622,87.53158570083937,91.21985592910144
SKU_0066,2025-01-05,31.0,60.71226979774908,30.525469531009986,80.43095356701782
SKU_0067,2024-12-01,212.0,211.3346685853112,200.99114089209877,214.0456830733593
SKU_0067,2024-12-08,276.0,273.99088747774334,267.6844823517531,275.0564431517336
SKU_0067,2024-12-15,257.0,259.0051318196495,245.03741903479596,253.49051136636675
SKU_0067,2024-12-22,273.0,270.3252116113022,255.72669957183845,273.67268370680335
SKU_0067,2024-12-29,297.0,298.25278679012723,282.6093183056044,302.878995550663
SKU_0067,2025-01-05,75.0,186.24249852822135,83.8012116550476,209.08534556829602
SKU_0068,2024-12-01,146.0,147.7022306477078,143.9410959382892,149.9261324478876
SKU_0068,2024-12-08,169.0,167.77481763541587,163.89019376422968,170.8337498176693
SKU_0068,2024-12-15,191.0,190.10494731055655,184.29628136713936,192.14999650219104
SKU_0068,2024-12-22,186.0,184.46044896698945,161.1350207786177,186.49942805670062
SKU_0068,2024-12-29,183.0,180.51814558893827,170.33529275836898,183.11242480516503
SKU_0068,2025-01-05,42.0,117.06370418263171,48.71001921098716,140.53848743806506
SKU_0069,2024-12-01,267.0,270.0298975985078,264.57099774344255,273.36403569847744
SKU_0069,2024-12-08,313.0,309.3218530065639,291.0879808056958,314.99259470548225
SKU_0069,2024-12-15,289.0,285.86868353111004,269.78555557699076,292.2303655174008
SKU_0069,2024-12-22,309.0,309.2907159840067,290.49241427773296,312.31762985582793
SKU_0069,2024-12-29,259.0,259.89973591822445,259.81773814816574,268.9249504192638
SKU_0069,2025-01-05,78.0,177.64827893225737,86.15869314352828,196.6479796609249
SKU_0070,2024-12-01,120.0,121.76837475905954,119.55710238601702,122.02599244022235
SKU_0070,2024-12-08,151.0,152.19202861941096,140.80976938312912,150.7846709659818
SKU_0070,2024-12-15,145.0,144.5580520084901,119.98001160236107,145.1086432933979
SKU_0070,2024-12-22,119.0,121.13639667503533,119.98509003981923,124.09713682758202
SKU_0070,2024-12-29,117.0,123.3326049551602,117.94153177610303,124.84527325557582
SKU_0070,2025-01-05,34.0,77.10386445327603,35.71878035414975,106.597360196811
SKU_0071,2024-12-01,269.0,267.1054472370649,262.5299178979157,270.3047732180748
SKU_0071,2024-12-08,296.0,294.5195652529637,274.035066952714,290.4795687800795
SKU_0071,2024-12-15,210.0,216.19360694058196,215.51770433408586,216.84639735908758
SKU_0071,2024-12-22,252.0,261.90841956354654,260.4460592986367,278.38141778710514
SKU_0071,2024-12-29,269.0,275.5847867665479,271.26755057091646,282.7189302229554
SKU_0071,2025-01-05,77.0,159.00999436378856,83.48391808270246,194.04404126068223
SKU_0072,2024-12-01,170.0,170.58767694214418,170.63517586171423,173.50695871389053
SKU_0072,2024-12-08,228.0,229.54020208530468,222.094015600259,229.8797358178684
SKU_0072,2024-12-15,222.0,226.1796367761543,205.13171182386637,223.53709783525758
SKU_0072,2024-12-22,231.0,230.23366034452263,206.5959827984027,231.07512801768888
SKU_0072,2024-12-29,184.0,185.93541985145123,186.5007172627971,189.51626799485544
SKU_0072,2025-01-05,62.0,127.18214328832072,66.6062434132629,168.92699591397744
SKU_0073,2024-12-01,189.0,189.61831981694962,170.99585669874944,189.86926245769376
SKU_0073,2024-12-08,216.0,213.61918961701676,204.3683508946915,215.90219806136065
SKU_0073,2024-12-15,234.0,233.57484416055482,226.29472401567682,235.3872957716671
SKU_0073,2024-12-22,180.0,183.1133430103551,183.16667263193838,184.17826653049508
SKU_0073,2024-12-29,202.0,206.76256594193802,208.13911936291726,223.21527220453603
SKU_0073,2025-01-05,57.0,136.5695753777684,59.736959966126115,173.79530055943798
SKU_0074,2024-12-01,107.0,106.0089464979402,102.92597584198329,108.66764131761597
SKU_0074,2024-12-08,110.0,110.14100427023041,110.38953310315466,112.02020965014368
SKU_0074,2024-12-15,159.0,159.59214709247792,150.4670947896343,161.67555360131024
SKU_0074,2024-12-22,127.0,126.25540953038067,113.68549656279558,129.8126574443208
SKU_0074,2024-12-29,129.0,131.3971294337056,116.53908294181109,138.3625264170226
SKU_0074,2025-01-05,37.0,88.45767647985787,39.62233347371329,117.33457629521192
SKU_0075,2024-12-01,114.0,116.5130019699191,113.61646354207208,120.22461489034127
SKU_0075,2024-12-08,116.0,118.62433683508976,112.9529685980081,121.24631853624302
SKU_0075,2024-12-15,111.0,108.50631005757803,95.69335760069131,112.58594903551379
SKU_0075,2024-12-22,118.0,118.85788665058273,116.99441493878813,118.38231996505556
SKU_0075,2024-12-29,110.0,111.2272402312764,109.71865318635822,110.78517884608051
SKU_0075,2025-01-05,35.0,70.68707833775261,35.688712305914116,91.58115324614569
SKU_0076,2024-12-01,24.0,24.66047873156033,22.725407157596393,24.32818041766856
SKU_0076,2024-12-08,33.0,33.255122861050815,31.8404289502986,32.79474980150019
SKU_0076,2024-12-15,30.0,29.974051586452347,26.57941652334107,29.918826387690785
SKU_0076,2024-12-22,31.0,31.20144096591135,25.442945853781417,31.899124335133003
SKU_0076,2024-12-29,39.0,39.70712860977378,37.882492046546716,39.93493616101918
SKU_0076,2025-01-05,9.0,19.361325110876912,17.267483001591213,30.791969165283213
SKU_0077,2024-12-01,56.0,53.45385172572492,50.504540052100644,56.14647294266373
SKU_0077,2024-12-08,60.0,58.73895274375541,59.72207812559536,61.04608748967538
SKU_0077,2024-12-15,65.0,64.14696958610986,63.278881810565146,64.84862429619712
SKU_0077,2024-12-22,62.0,60.670282450055964,58.34328769977724,61.919409074892506
SKU_0077,2024-12-29,61.0,59.50577075588653,58.46541135240611,62.22086393606614
SKU_0077,2025-01-05,13.0,40.13531102285993,18.16730649442483,52.228213664776106
SKU_0078,2024-12-01,132.0,134.5905383244355,131.43147369522123,139.9170236116748
SKU_0078,2024-12-08,146.0,148.0223369466482,142.07103506668471,148.28030735674267
SKU_0078,2024-12-15,161.0,158.8109400774563,150.02893772157492,161.14259682769594
SKU_0078,2024-12-22,156.0,155.07278883683207,141.1932355865071,157.2796741925121
SKU_0078,2024-12-29,155.0,155.13929404646635,147.01153784726299,155.00314675666445
SKU_0078,2025-01-05,42.0,95.74207013431844,47.29495767457345,117.73759855335202
SKU_0079,2024-12-01,35.0,34.55475726719714,35.141303269177556,35.18687121657902
SKU_0079,2024-12-08,49.0,49.94330590454535,46.92726629014028,47.97207070912808
SKU_0079,2024-12-15,35.0,34.8620822698943,35.02599643707069,33.10696514471099
SKU_0079,2024-12-22,45.0,47.80257483676866,45.2141044257785,49.21026079308222
SKU_0079,2024-12-29,44.0,45.91217983070941,43.75386560488033,47.26485189585292
SKU_0079,2025-01-05,12.0,23.838685244858794,17.813500357515178,36.701925223739195
SKU_0080,2024-12-01,216.0,216.49151183198882,215.9826076756596,217.91865107353567
SKU_0080,2024-12-08,242.0,243.10577982466563,243.8556759229986,244.14462690088268
SKU_0080,2024-12-15,235.0,233.25292084178426,232.26117379074364,236.58130839217932
SKU_0080,2024-12-22,240.0,239.43157758421856,228.79920145577182,239.19484927930367
SKU_0080,2024-12-29,250.0,248.2201125783193,247.41732805309758,251.81931278357166
SKU_0080,2025-01-05,79.0,157.06261634066445,87.68087462845239,183.92357783781605
SKU_0081,2024-12-01,18.0,19.294283227107318,18.250546897850782,20.81009039579079
SKU_0081,2024-12-08,24.0,23.556880010443475,24.662503138660927,23.999217395828612
SKU_0081,2024-12-15,28.0,27.222556524361185,27.075022937483812,27.48010360743705
SKU_0081,2024-12-22,21.0,19.4651480332564,18.4435588533482,21.405412510839984
SKU_0081,2024-12-29,25.0,25.1984545786215,24.9583783528727,26.704379463677093
SKU_0081,2025-01-05,5.0,14.111796497652902,15.860108381193468,23.46281285698308
SKU_0082,2024-12-01,245.0,248.1345440209833,248.25153223119398,256.3493079179348
SKU_0082,2024-12-08,328.0,331.5688591844014,290.1133623035604,332.6001717652809
SKU_0082,2024-12-15,320.0,315.85513376626574,282.436756610113,316.1332004968213
SKU_0082,2024-12-22,293.0,296.3227124284036,265.9552968343087,297.8719052878758
SKU_0082,2024-12-29,294.0,300.96302747955565,286.4274757975127,313.07110385810614
SKU_0082,2025-01-05,73.0,194.23706135575884,83.12658130239902,210.54397708863007
SKU_0083,2024-12-01,244.0,252.77793444753283,248.82952930746322,258.35978357887274
SKU_0083,2024-12-08,293.0,296.4314713693456,278.08644576549887,300.306580579533
SKU_0083,2024-12-15,269.0,265.91391686416983,257.4147034502782,272.8261455093866
SKU_0083,2024-12-22,305.0,307.85193664729155,284.79519545530724,303.7147428115357
SKU_0083,2024-12-29,299.0,298.43299625218805,288.149783325385,302.35561648542415
SKU_0083,2025-01-05,98.0,194.95217385687536,106.68942899980651,211.85333489611938
SKU_0084,2024-12-01,107.0,106.94771555086015,107.40008566024436,109.01589131778077
SKU_0084,2024-12-08,124.0,125.33116153477816,123.52226189966207,124.26227499192426
SKU_0084,2024-12-15,151.0,151.12466209145163,144.27187071955572,151.52584312486752
SKU_0084,2024-12-22,132.0,131.44504959820665,113.11789182047022,134.5180653745331
SKU_0084,2024-12-29,140.0,138.77152254003016,131.9193383039567,140.80546135768645
SKU_0084,2025-01-05,29.0,88.06205842966679,32.31946198117853,111.64787302402061
SKU_0085,2024-12-01,223.0,221.63884330758077,215.75329841765006,225.09787695655396
SKU_0085,2024-12-08,250.0,249.2687047993091,247.15111532619983,252.3500070946425
SKU_0085,2024-12-15,258.0,260.78570801412945,254.5311883361624,262.51430996767806
SKU_0085,2024-12-22,243.0,242.58302278618706,229.89817328785472,243.39592251188537
SKU_0085,2024-12-29,263.0,263.4364667474692,263.059047394575,262.01541435159737
SKU_0085,2025-01-05,56.0,165.238620283876,63.01005652977794,191.6881956762494
SKU_0086,2024-12-01,267.0,266.9771917579634,265.86075956622255,270.2044381101207
SKU_0086,2024-12-08,321.0,323.71469353019666,289.6928510273792,329.9253760977206
SKU_0086,2024-12-15,299.0,299.00863994975805,276.67399417388157,301.42146760248846
SKU_0086,2024-12-22,269.0,272.47003861891756,269.7038553369608,278.2296172898261
SKU_0086,2024-12-29,324.0,324.90931918412184,293.54171393655423,331.9515596342213
SKU_0086,2025-01-05,89.0,206.4485207972321,98.13441348145959,223.65271137365397
SKU_0087,2024-12-01,186.0,207.66635050552276,204.44636119634396,226.11927561733282
SKU_0087,2024-12-08,187.0,190.91926872893274,181.50100735722302,190.9272649301382
SKU_0087,2024-12-15,215.0,219.10767321519862,201.7225405654097,215.58785995235743
SKU_0087,2024-12-22,177.0,181.06346279001232,177.84240908268598,181.9457772043307
SKU_0087,2024-12-29,222.0,223.53980863717777,214.70212154794612,224.17641272800387
SKU_0087,2025-01-05,55.0,138.1704712682164,60.01629337166378,164.29622044905713
SKU_0088,2024-12-01,172.0,177.2879811546336,173.05334783872343,185.80930883627028
SKU_0088,2024-12-08,248.0,244.8068878592076,230.0034696693942,251.21702193388316
SKU_0088,2024-12-15,249.0,247.62769012923576,227.01981763697395,247.94556075914068
SKU_0088,2024-12-22,251.0,248.1348016609672,215.56806997905974,250.69237268442149
SKU_0088,2024-12-29,209.0,207.56991342143428,210.16968901851263,213.5060116391363
SKU_0088,2025-01-05,47.0,136.6103984643032,53.039683601122654,178.20374844035157
SKU_0089,2024-12-01,191.0,193.73666834604856,190.73906695670968,202.90000275092817
SKU_0089,2024-12-08,274.0,271.4021294126066,255.74944525244135,272.51418219212167
SKU_0089,2024-12-15,252.0,249.57885138137866,229.72346823988133,252.92586460962073
SKU_0089,2024-12-22,243.0,237.2835857590147,217.73520590122092,247.14821896629255
SKU_0089,2024-12-29,241.0,243.14622946512148,243.19837350728122,249.4103892489404
SKU_0089,2025-01-05,75.0,156.11768686518258,83.17286367331712,181.45079875309187
SKU_0090,2024-12-01,112.0,112.68290062025977,110.421785605253,112.78405272618149
SKU_0090,2024-12-08,144.0,140.07290802899294,134.44102640712134,144.94172320144241
SKU_0090,2024-12-15,112.0,110.093961850416,105.01273443631275,116.19258106858373
SKU_0090,2024-12-22,123.0,122.78008099303342,122.82643709958207,132.80745939274257
SKU_0090,2024-12-29,112.0,115.48383104545034,114.50104443422318,128.03275187137726
SKU_0090,2025-01-05,38.0,69.12651112436542,37.264827038018055,94.96912609084917
SKU_0091,2024-12-01,92.0,91.37221457916836,87.89988507238368,91.31611775391208
SKU_0091,2024-12-08,95.0,93.88876326940543,86.54974512128327,95.96329022397735
SKU_0091,2024-12-15,83.0,83.23547443355712,79.22681370119611,84.5343852722176
SKU_0091,2024-12-22,97.0,97.88354628546574,97.5465987847577,97.81152514496085
SKU_0091,2024-12-29,92.0,91.12909861638784,91.19416563924025,92.73542910924064
SKU_0091,2025-01-05,24.0,57.426428071169596,23.206691021390707,72.87947480279311
SKU_0092,2024-12-01,158.0,157.73452649493603,156.17317533980702,162.05638862197847
SKU_0092,2024-12-08,185.0,186.1724266208489,182.89484005041356,185.7285479051456
SKU_0092,2024-12-15,230.0,230.56159691141315,216.42413309505469,230.57155249257383
SKU_0092,2024-12-22,193.0,191.62020100651566,175.06148371528482,198.39139281772808
SKU_0092,2024-12-29,159.0,166.6197300741215,172.27887497387422,183.3796885430335
SKU_0092,2025-01-05,56.0,120.78608389715544,58.9320171169741,168.40972985790154
SKU_0093,2024-12-01,23.0,25.109682692204334,24.19481057493026,27.487331337437503
SKU_0093,2024-12-08,34.0,33.159443535841675,31.1872021182815,34.60120092017769
SKU_0093,2024-12-15,24.0,21.82012663197529,20.99059428425347,24.688072745763062
SKU_0093,2024-12-22,34.0,34.0627229536666,31.852357743595647,34.571171099381274
SKU_0093,2024-12-29,31.0,30.744129155962877,26.655747482714034,31.199998207036575
SKU_0093,2025-01-05,9.0,16.193525541450136,16.86045591355574,27.09685463528529
SKU_0094,2024-12-01,254.0,256.4497540643849,255.09271232431902,260.0354032739962
SKU_0094,2024-12-08,303.0,303.2860722014706,286.0148684066274,309.29751316849485
SKU_0094,2024-12-15,305.0,301.3972645600907,290.10774720981965,304.3121230251482
SKU_0094,2024-12-22,319.0,315.99329412215656,286.43769287276115,319.72267679317997
SKU_0094,2024-12-29,300.0,296.9161605457761,278.97289214942003,303.8274513609957
SKU_0094,2025-01-05,96.0,197.8519184818753,106.44726260814316,213.0549462860047
SKU_0095,2024-12-01,167.0,165.87718528148204,160.22466746929328,166.56641983461589
SKU_0095,2024-12-08,210.0,212.59915990544053,201.35998656983503,209.0969269284533
SKU_0095,2024-12-15,198.0,197.08209524186316,184.3362384265098,198.42014217221504
SKU_0095,2024-12-22,214.0,210.54682394603316,198.1797756701761,212.24544610362
SKU_0095,2024-12-29,210.0,210.8427856706166,207.2038626071847,210.5053691392537
SKU_0095,2025-01-05,78.0,138.87714833204817,84.01647161980974,158.69090039400558
SKU_0096,2024-12-01,204.0,199.94145259111653,197.1331872900185,205.19067015729206
SKU_0096,2024-12-08,236.0,237.74790492266928,232.7081577737411,237.31871211713695
SKU_0096,2024-12-15,219.0,219.0594349670562,193.58756804208804,221.41966414919503
SKU_0096,2024-12-22,205.0,204.62974136795657,204.4731959508981,211.41493042077374
SKU_0096,2024-12-29,239.0,238.6710374326158,238.35738291864848,242.8951496859072
SKU_0096,2025-01-05,51.0,145.40949226407875,57.15296118484557,177.6750947831052
SKU_0097,2024-12-01,169.0,176.9095086909523,171.42070917924192,183.77757162755458
SKU_0097,2024-12-08,183.0,184.74076096675842,175.10325016988583,183.828581894925
SKU_0097,2024-12-15,174.0,172.85385159643715,141.1761498489681,174.29369728460998
SKU_0097,2024-12-22,208.0,205.40899945514798,201.25807890209882,209.45314429667633
SKU_0097,2024-12-29,183.0,177.15242050543245,175.59296228082124,183.71189617567543
SKU_0097,2025-01-05,44.0,120.55638757982449,47.80413445973596,154.07105555698962
SKU_0098,2024-12-01,232.0,230.15228757021467,226.02164657655783,232.20037703258487
SKU_0098,2024-12-08,272.0,269.498926046198,269.0464182707564,272.0732076965803
SKU_0098,2024-12-15,257.0,257.06142007260627,237.59055933888308,259.39447047785137
SKU_0098,2024-12-22,250.0,248.61178695702745,236.53351790676135,250.1970335906304
SKU_0098,2024-12-29,256.0,255.79079592703306,257.94502370424624,260.80154109069167
SKU_0098,2025-01-05,65.0,168.4195392003454,72.808655435028,190.64287783486304
SKU_0099,2024-12-01,205.0,207.02181902203887,208.36916101133278,208.7222766083891
SKU_0099,2024-12-08,279.0,282.9031759720703,267.79884236090425,283.3301183681012
SKU_0099,2024-12-15,275.0,276.81996369116206,256.89676163880796,277.5622935812254
SKU_0099,2024-12-22,268.0,263.09867123816235,235.4798564943885,268.2631592414214
SKU_0099,2024-12-29,298.0,299.63591630127644,286.48739488225084,298.6497438677179
SKU_0099,2025-01-05,57.0,186.44464697462337,63.87924505769492,211.41021878093443
SKU_0100,2024-12-01,53.0,50.3820747503715,49.34589019882647,52.417712856118
SKU_0100,2024-12-08,69.0,68.6161245204364,66.62084664609196,69.71640250805642
SKU_0100,2024-12-15,60.0,58.44103730258683,52.332152722683205,60.85052994366308
SKU_0100,2024-12-22,66.0,64.50249921678223,58.583785007821554,66.4563669236665
SKU_0100,2024-12-29,61.0,63.442857386262396,62.072391424683644,66.51691983252579
SKU_0100,2025-01-05,15.0,39.92919026885942,18.220204936445207,52.64637651926965
SKU_0101,2024-12-01,182.0,182.91789809155026,180.107093298691,182.284180149451
SKU_0101,2024-12-08,200.0,200.73729271125987,191.00055771794658,200.87883641774772
SKU_0101,2024-12-15,183.0,181.81927835927266,162.65280331772794,183.50646744582323
SKU_0101,2024-12-22,222.0,222.33278293206973,218.24586938546335,221.76237249684254
SKU_0101,2024-12-29,210.0,207.2047513440262,200.51271045190794,209.1260369159709
SKU_0101,2025-01-05,47.0,135.67070809203688,51.3698237001982,164.0350474761243
SKU_0102,2024-12-01,147.0,145.42060767740696,138.11448714629972,147.32756292192337
SKU_0102,2024-12-08,185.0,184.0974629568293,177.41867783517654,185.51627209403094
SKU_0102,2024-12-15,167.0,167.6777631526675,155.73324948964245,167.72179296332783
SKU_0102,2024-12-22,203.0,201.34906635013093,192.24047524962984,202.73515140054215
SKU_0102,2024-12-29,190.0,187.56254669709273,177.46293864314825,190.15053613010016
SKU_0102,2025-01-05,54.0,124.23244337028231,58.25775416048778,149.30900193360193
SKU_0103,2024-12-01,34.0,35.09971027204497,33.98753766564732,34.20636513399517
SKU_0103,2024-12-08,42.0,42.67280267824013,39.177016081871756,41.73444404957618
SKU_0103,2024-12-15,30.0,29.953875140836487,28.334298294114898,29.36128245268655
SKU_0103,2024-12-22,34.0,35.36712947042035,32.77667310877009,36.64759095478487
SKU_0103,2024-12-29,37.0,40.4391264017961,38.46368223607404,41.63226931468439
SKU_0103,2025-01-05,10.0,19.0125790263322,17.739931915906013,28.777238004670348
SKU_0104,2024-12-01,109.0,107.14771185132678,104.33193063324973,108.0303113047803
SKU_0104,2024-12-08,130.0,128.97795294682703,121.99248754223062,130.87155050686948
SKU_0104,2024-12-15,107.0,104.6027790933075,94.59780115889087,107.92513706282962
SKU_0104,2024-12-22,108.0,109.4665173337688,108.06768604380275,109.96740105700175
SKU_0104,2024-12-29,127.0,129.80993739455684,125.59747231328701,131.07267167355772
SKU_0104,2025-01-05,27.0,70.7642905099758,29.6142929160433,96.20781510066278
SKU_0105,2024-12-01,224.0,220.6965193509293,212.03313053968043,224.4124528831952
SKU_0105,2024-12-08,243.0,241.28916748810659,241.7752044001488,244.36041661783855
SKU_0105,2024-12-15,241.0,241.88050712711143,226.41961672294028,244.4370862373168
SKU_0105,2024-12-22,207.0,208.00698155441347,206.80575555715444,206.5657301825462
SKU_0105,2024-12-29,257.0,260.2571618520991,248.12223045274027,262.33030487974213
SKU_0105,2025-01-05,61.0,151.81390911864096,69.87410209470332,188.44122442352466
SKU_0106,2024-12-01,186.0,185.1498094963495,186.32428282736134,187.26592068187955
SKU_0106,2024-12-08,207.0,207.71705230227712,198.75349217852587,206.7129997638746
SKU_0106,2024-12-15,210.0,207.16226580653748,193.1112895504058,210.58573261270476
SKU_0106,2024-12-22,199.0,195.72942965266338,191.6164487595168,198.30894547861254
SKU_0106,2024-12-29,248.0,247.18135132434944,237.53296290857188,249.67548478923916
SKU_0106,2025-01-05,64.0,146.71780005319255,69.31776857683987,180.81648801037358
SKU_0107,2024-12-01,136.0,136.85165313546455,136.09314754568797,138.63090555890557
SKU_0107,2024-12-08,156.0,155.26418099782842,156.84088617546476,158.25772415593653
SKU_0107,2024-12-15,191.0,191.77838491976655,180.5242731386237,192.09727018969267
SKU_0107,2024-12-22,157.0,157.50935552532567,139.69811535170504,158.25083679795037
SKU_0107,2024-12-29,164.0,164.80381909321375,163.85804531607224,174.33258371341716
SKU_0107,2025-01-05,38.0,109.15183146350057,40.94169766067509,139.35492422587905
SKU_0108,2024-12-01,205.0,208.42324170906426,205.32700694793147,211.06391202872348
SKU_0108,2024-12-08,259.0,260.9258596784406,250.79009487696348,263.3200756366222
SKU_0108,2024-12-15,260.0,261.6888643179463,250.97911126942253,256.08067818962485
SKU_0108,2024-12-22,229.0,225.39798460641157,219.17617637124357,226.01123554591703
SKU_0108,2024-12-29,239.0,241.72124869806518,241.26405326265592,248.6748950598849
SKU_0108,2025-01-05,73.0,154.96439255174295,80.186393479181,181.6674992830616
SKU_0109,2024-12-01,37.0,36.60033874350041,31.80317610662042,36.9538911649324
SKU_0109,2024-12-08,44.0,43.77167317447485,42.61016619580855,43.74588691811956
SKU_0109,2024-12-15,45.0,45.159006622790635,44.185241971783576,46.459251450067185
SKU_0109,2024-12-22,50.0,49.882547338704846,45.31634150233676,50.828705826612136
SKU_0109,2024-12-29,46.0,45.40509682242416,43.446891610842584,46.88661942377727
SKU_0109,2025-01-05,12.0,27.61761842830058,18.269244864312522,39.62394991137669
SKU_0110,2024-12-01,209.0,210.25992547084027,207.460115616747,210.70868499230633
SKU_0110,2024-12-08,246.0,244.20531336192403,241.55459121885605,245.62219883337738
SKU_0110,2024-12-15,223.0,223.34056031498162,217.08543136650363,223.90961477166738
SKU_0110,2024-12-22,222.0,223.15408193600953,215.5624749045807,222.61813655068957
SKU_0110,2024-12-29,216.0,217.3855152048527,216.03127860337642,227.38171891814906
SKU_0110,2025-01-05,66.0,137.71471142576746,71.19685833188419,168.11940270258557
SKU_0111,2024-12-01,52.0,53.30773193894341,49.82946149886666,53.58098125675025
SKU_0111,2024-12-08,60.0,60.322627278732796,58.864867249364345,61.402762565157396
SKU_0111,2024-12-15,59.0,57.887583067942906,55.495482601888966,59.80148733659408
SKU_0111,2024-12-22,74.0,72.4707396568044,67.77632218994005,72.06155698825779
SKU_0111,2024-12-29,63.0,61.39494498045412,61.41110447532139,62.46935113477077
SKU_0111,2025-01-05,19.0,41.30889063679321,21.870496130927172,54.20636141585366
SKU_0112,2024-12-01,96.0,95.84493107231732,96.04774588655651,96.51207568310275
SKU_0112,2024-12-08,126.0,126.54379769258196,124.03376483476372,129.520379868085
SKU_0112,2024-12-15,137.0,138.21032832536088,128.28526306543765,138.75379996335312
SKU_0112,2024-12-22,148.0,146.13287688474557,126.52264115927738,147.9054113708852
SKU_0112,2024-12-29,136.0,134.01610981654608,123.83437534270831,135.24172218750243
SKU_0112,2025-01-05,31.0,87.12948582286944,33.44742863874723,109.51991320811801
SKU_0113,2024-12-01,245.0,245.82844266082856,247.68751489776153,247.7845229395097
SKU_0113,2024-12-08,242.0,243.24565728187972,223.10061728650285,244.19452605859675
SKU_0113,2024-12-15,241.0,238.96490002013792,232.9846876617223,240.17473626767838
SKU_0113,2024-12-22,273.0,268.07315511550183,265.6887168426941,271.3413192343584
SKU_0113,2024-12-29,253.0,249.4462265938751,249.08012709083795,252.5891001663786
SKU_0113,2025-01-05,75.0,167.60986493722385,82.97710372598937,189.30976747403525
SKU_0114,2024-12-01,239.0,241.00678411629437,241.99891582573957,244.9664436773846
SKU_0114,2024-12-08,296.0,297.1706150644864,277.9781789775241,299.5043218247223
SKU_0114,2024-12-15,251.0,251.84536242716558,251.78828166506474,256.57330423738193
SKU_0114,2024-12-22,294.0,291.845774549896,279.17364957817375,295.7689269438344
SKU_0114,2024-12-29,242.0,243.92484215709223,252.68353772586246,250.03138858876184
SKU_0114,2025-01-05,82.0,159.4356842132597,89.42676740900947,187.87096048543054
SKU_0115,2024-12-01,203.0,202.78904238043805,204.97717117362436,208.57748636865833
SKU_0115,2024-12-08,247.0,246.0491398962535,238.16303608467172,247.55882773136574
SKU_0115,2024-12-15,209.0,206.43566943115013,196.66359399039527,208.85471979722405
SKU_0115,2024-12-22,194.0,198.64289054626562,195.88423389391576,204.3283082853598
SKU_0115,2024-12-29,263.0,263.14012935381044,251.59536343560737,264.2146633070028
SKU_0115,2025-01-05,64.0,148.4410288510868,68.75786639237876,188.563992007578
SKU_0116,2024-12-01,223.0,223.42834473927772,220.96543818739596,221.73300178593985
SKU_0116,2024-12-08,268.0,264.74419475729104,257.5823000912458,268.00662947494413
SKU_0116,2024-12-15,271.0,273.2196558233104,258.85712133084485,271.5261485084097
SKU_0116,2024-12-22,257.0,257.7172281955008,235.67707515052288,257.1778079989524
SKU_0116,2024-12-29,281.0,278.63913891526596,275.33115938453295,282.21519233904735
SKU_0116,2025-01-05,63.0,171.08882648356226,71.35367745304285,199.56889013416054
SKU_0117,2024-12-01,27.0,27.25141188921433,27.63574997152632,26.97881487072178
SKU_0117,2024-12-08,32.0,31.48545693370299,31.25485447360906,31.98902131708517
SKU_0117,2024-12-15,28.0,26.892863678572056,24.578077835256153,28.34514735035654
SKU_0117,2024-12-22,23.0,22.744825143794426,21.72740063748223,23.913155853921964
SKU_0117,2024-12-29,25.0,27.529515926223834,25.568147553411034,28.47357417912678
SKU_0117,2025-01-05,9.0,14.833643212954398,16.163924255679554,22.74791435682097
SKU_0118,2024-12-01,183.0,184.5153061922257,183.5918065078525,184.74624806603032
SKU_0118,2024-12-08,167.0,167.32691157698406,169.11839483311866,172.91824956118194
SKU_0118,2024-12-15,224.0,223.88935625143247,215.56408033213475,225.24700301890712
SKU_0118,2024-12-22,183.0,181.06118113218997,173.75918524655256,183.36028188136618
SKU_0118,2024-12-29,248.0,245.1489023360886,229.26568858080438,249.59784709115004
SKU_0118,2025-01-05,52.0,147.1913857096946,57.512448042673334,181.2735943525567
SKU_0119,2024-12-01,150.0,148.73964413770753,143.44577928956534,149.17275433442188
SKU_0119,2024-12-08,174.0,173.21722705521265,164.81634406805665,174.29679752354332
SKU_0119,2024-12-15,172.0,171.245436030276,147.58179187699753,172.07841372639857
SKU_0119,2024-12-22,153.0,151.16459796594208,150.34749078468994,153.42945705041288
SKU_0119,2024-12-29,142.0,143.74537431799308,143.90152570113182,144.5177424608958
SKU_0119,2025-01-05,32.0,94.80520193313639,36.17037681664407,124.42770973977687
SKU_0120,2024-12-01,11.0,10.103026725583833,9.883166593162864,11.728092053166426
SKU_0120,2024-12-08,12.0,12.396262588304634,11.120625436273619,12.375537112547821
SKU_0120,2024-12-15,11.0,11.442154895525213,10.358627473996327,11.345549581008353
SKU_0120,2024-12-22,11.0,10.458193101742413,10.112583815800543,12.145067973788207
SKU_0120,2024-12-29,12.0,11.815444330248067,10.743959771267463,12.434850685892412
SKU_0120,2025-01-05,4.0,7.38386875881687,6.6330611914847095,9.03007098999789
SKU_0121,2024-12-01,232.0,231.58090296127398,231.58964285464978,234.27470277769362
SKU_0121,2024-12-08,259.0,258.7163810922932,253.88480243542412,258.4274825024328
SKU_0121,2024-12-15,277.0,272.7165531366261,261.55460022984033,276.1730310148111
SKU_0121,2024-12-22,294.0,294.0523445119929,274.4063046789648,292.63630575623824
SKU_0121,2024-12-29,293.0,288.00846980207433,277.0095017854088,289.876006658994
SKU_0121,2025-01-05,62.0,186.40113786948112,71.79600241536627,207.9202294167469
SKU_0122,2024-12-01,71.0,74.32470060499419,72.44402499528917,75.66474339538956
SKU_0122,2024-12-08,92.0,89.6873174170841,91.76514069056282,90.99844733729365
SKU_0122,2024-12-15,91.0,89.6227402520702,86.8854469635171,90.2917288568882
SKU_0122,2024-12-22,84.0,82.03036558519983,73.65079887701683,83.32131202923574
SKU_0122,2024-12-29,90.0,90.24359135473924,90.36165838445532,90.68729942481133
SKU_0122,2025-01-05,25.0,54.606606317203486,24.821916300399565,68.67948056077321
SKU_0123,2024-12-01,255.0,257.9144361476936,255.39959496545808,259.9850172282656
SKU_0123,2024-12-08,242.0,248.4429508091896,245.8665508090002,251.81026672851996
SKU_0123,2024-12-15,308.0,309.7051674791455,287.3718067824076,312.9027870071063
SKU_0123,2024-12-22,348.0,332.7407005093357,291.8392411782129,333.9561725843687
SKU_0123,2024-12-29,289.0,270.7999342340705,254.3906196141709,274.9172225988595
SKU_0123,2025-01-05,88.0,195.48813823922646,100.33480676086009,209.31534583902524
SKU_0124,2024-12-01,125.0,124.23119441983218,120.98031239236587,125.19549697033374
SKU_0124,2024-12-08,141.0,140.6072778603853,136.68783646454787,141.9198325049101
SKU_0124,2024-12-15,124.0,124.5935599735538,112.2815120983022,126.19791412154561
SKU_0124,2024-12-22,132.0,133.10154329170328,131.22898600254982,132.8991394120075
SKU_0124,2024-12-29,129.0,131.12514633895057,129.10379041230146,137.1039396373531
SKU_0124,2025-01-05,35.0,79.25686436613407,38.177886245400614,101.45846576690494
SKU_0125,2024-12-01,172.0,171.33843511832373,156.0181338495586,173.25014704500927
SKU_0125,2024-12-08,175.0,174.5301748999111,172.28263689034648,177.67228157326645
SKU_0125,2024-12-15,199.0,199.5922362289037,192.48496499991103,201.5726145956851
SKU_0125,2024-12-22,189.0,189.1202572121882,179.081211453241,190.55269798482198
SKU_0125,2024-12-29,177.0,176.38857998418874,173.54339064164932,180.9470766610232
SKU_0125,2025-01-05,48.0,118.14931126331658,52.61349517280541,146.9217312355956
SKU_0126,2024-12-01,146.0,147.40471763508242,140.57478777542656,147.57166605884152
SKU_0126,2024-12-08,190.0,191.32838368918652,180.81342191298015,190.55977146147535
SKU_0126,2024-12-15,151.0,151.39171319053602,131.47344590080178,151.77635541961098
SKU_0126,2024-12-22,173.0,170.64946952573092,170.55454989719055,182.11006763002342
SKU_0126,2024-12-29,167.0,167.75870245303153,160.32747787783666,181.07900910960302
SKU_0126,2025-01-05,57.0,106.94840726224079,58.5209164803633,126.4335649782455
SKU_0127,2024-12-01,180.0,184.4601205117992,181.6042454010194,198.3159417965874
SKU_0127,2024-12-08,228.0,231.67007937579382,217.26803152059674,229.61407740882
SKU_0127,2024-12-15,240.0,240.10874521252867,232.39526369689946,242.57287187410176
SKU_0127,2024-12-22,248.0,248.60771442221008,225.04271384210367,247.62035853520965
SKU_0127,2024-12-29,279.0,275.61269287550937,264.7639967189246,277.6251116223489
SKU_0127,2025-01-05,49.0,166.06216640423003,56.33835617176009,198.70565872777595
SKU_0128,2024-12-01,217.0,217.3136139940303,215.56857302081605,222.03109531527576
SKU_0128,2024-12-08,282.0,276.8805670739949,267.8418307107614,281.645935730164
SKU_0128,2024-12-15,293.0,290.6044304680838,273.8435892202932,293.4471596904433
SKU_0128,2024-12-22,268.0,261.9790791394236,239.1689922776948,265.9886176010596
SKU_0128,2024-12-29,262.0,264.55795716703597,261.198166229239,265.62815724162107
SKU_0128,2025-01-05,58.0,166.17651045906675,64.88040565295954,195.93641348184283
SKU_0129,2024-12-01,191.0,196.99619602651708,190.44154054068056,203.0188406054397
SKU_0129,2024-12-08,221.0,220.00348331700272,209.55956278728343,220.26759527073492
SKU_0129,2024-12-15,237.0,238.55416064339764,227.14756148826248,238.76612419873777
SKU_0129,2024-12-22,233.0,230.83425073079425,216.18463278423124,233.1317769931915
SKU_0129,2024-12-29,240.0,236.98683877857835,231.66699980037913,239.6477410089835
SKU_0129,2025-01-05,66.0,149.6686803279028,73.89480205234491,179.16792643102156
SKU_0130,2024-12-01,62.0,60.91929809419653,60.21555747310605,63.97039639630864
SKU_0130,2024-12-08,67.0,66.52397347319324,63.83996653056339,66.88478236674828
SKU_0130,2024-12-15,62.0,61.3286822916668,53.171980149863046,61.967840323242456
SKU_0130,2024-12-22,71.0,70.75375644932123,70.59894189561454,72.80914013884237
SKU_0130,2024-12-29,67.0,65.00339386646166,66.00936070878197,68.44644341990086
SKU_0130,2025-01-05,10.0,41.216144223727675,19.569654001079943,56.130020981583016
SKU_0131,2024-12-01,231.0,229.43585140971905,227.931770105065,231.07914512190152
SKU_0131,2024-12-08,283.0,285.4623328308049,270.1352091945498,286.80673924728495
SKU_0131,2024-12-15,255.0,253.54267417518759,240.07508940100908,254.66394157614843
SKU_0131,2024-12-22,288.0,288.26020146957035,274.35558250127764,287.50084892913543
SKU_0131,2024-12-29,218.0,222.72539108932614,223.95723904740518,225.74229411294633
SKU_0131,2025-01-05,73.0,156.40728008836226,77.47169805032519,185.82922618293506
SKU_0132,2024-12-01,143.0,145.4663206822383,144.0111583142681,146.60353173465703
SKU_0132,2024-12-08,149.0,155.3137795712944,153.17302987277483,166.03674729854652
SKU_0132,2024-12-15,161.0,158.70585204437955,160.0029524417424,162.75566636278876
SKU_0132,2024-12-22,153.0,152.45417330234775,146.90882458535376,153.5893626987375
SKU_0132,2024-12-29,160.0,158.9514167443786,157.48256888626946,160.566507246554
SKU_0132,2025-01-05,45.0,95.50839452585603,47.53471824158902,117.7861988987453
SKU_0133,2024-12-01,254.0,256.6467299996419,253.95046155491667,255.636317465019
SKU_0133,2024-12-08,305.0,303.68926153263124,287.9320452587517,308.32116607207104
SKU_0133,2024-12-15,260.5,261.9727104768682,256.3366266868745,271.708301136654
SKU_0133,2024-12-22,282.0,281.52599305136795,276.75109499239386,288.55956452132455
SKU_0133,2024-12-29,324.0,323.3384529410094,296.43155133565347,328.32576977022495
SKU_0133,2025-01-05,86.0,197.91141981505203,95.99552712940151,221.98441768098343
SKU_0134,2024-12-01,89.0,90.5849659607871,88.9766430191415,90.02639935496268
SKU_0134,2024-12-08,86.0,83.42545437387994,78.32121261097171,86.12693481787666
SKU_0134,2024-12-15,83.0,81.520803320798,83.5571094539883,84.82642822437788
SKU_0134,2024-12-22,85.0,85.13681293432413,86.48496929996526,87.8370187996906
SKU_0134,2024-12-29,93.0,90.80993138604349,93.71091418876732,93.52823179878226
SKU_0134,2025-01-05,26.0,57.760095653302734,26.08263828996653,70.44163774399476
SKU_0135,2024-12-01,7.0,5.928660524496097,6.102254490778959,8.34013646627593
SKU_0135,2024-12-08,9.0,8.756142210738526,8.56101274252243,9.32435527485171
SKU_0135,2024-12-15,8.0,8.980583644200312,8.045746008780664,9.001784992006392
SKU_0135,2024-12-22,8.0,8.295242808782163,7.437829957634985,9.101298818886923
SKU_0135,2024-12-29,7.0,7.035783533713854,6.3009133886919315,8.858213041835564
SKU_0135,2025-01-05,1.0,3.2577544855617635,2.446511408028809,7.1418269979212665
SKU_0136,2024-12-01,17.0,16.32448533287384,16.53302858414066,17.41551218567035
SKU_0136,2024-12-08,21.0,21.210907115492734,20.7714218789981,21.340080078462318
SKU_0136,2024-12-15,24.0,23.228306536803366,23.733002432360642,23.938910435311584
SKU_0136,2024-12-22,22.0,21.502035117035117,20.822751504883836,22.091799682402208
SKU_0136,2024-12-29,22.0,20.80875974703801,21.51318715393404,23.03867468612637
SKU_0136,2025-01-05,6.0,12.975932494155279,14.773234715499223,19.96005724291686
SKU_0137,2024-12-01,258.0,256.2507408591697,244.4150964909671,258.9674896421073
SKU_0137,2024-12-08,285.0,282.31778372554857,277.5553801819088,287.2741819253385
SKU_0137,2024-12-15,255.0,251.58441204259358,238.90663377403774,256.50132797644045
SKU_0137,2024-12-22,280.0,280.84816409551684,276.17635074301916,281.9604949665017
SKU_0137,2024-12-29,310.0,307.8826412693311,286.41215489642997,312.66144460679294
SKU_0137,2025-01-05,84.0,192.71551659541154,94.84772934483004,215.64145147848023
SKU_0138,2024-12-01,197.0,199.4918284140399,198.54816691885696,209.51783558458587
SKU_0138,2024-12-08,235.0,235.92331356493983,225.00977449944537,238.51368149064095
SKU_0138,2024-12-15,195.0,197.2893336740575,187.07500755595606,200.01065823217345
SKU_0138,2024-12-22,237.0,236.6748905883682,233.24130761926796,237.03174000069734
SKU_0138,2024-12-29,193.0,193.08786669146858,196.7583557649103,198.04202532653267
SKU_0138,2025-01-05,58.0,129.7129401265762,61.52687743180166,174.2837119439707
SKU_0139,2024-12-01,32.0,32.44784700935868,31.14723438101378,32.859617459103575
SKU_0139,2024-12-08,29.0,29.569508840242445,28.179784844443347,29.5023747061289
SKU_0139,2024-12-15,31.0,31.74676429391566,29.76654539903671,31.377735474591866
SKU_0139,2024-12-22,36.0,36.81215018471184,35.90488383991912,36.18673933489301
SKU_0139,2024-12-29,31.0,30.461809973098738,28.500233587183647,31.063290962706198
SKU_0139,2025-01-05,8.0,16.892138725722436,17.53783162612818,28.913534311450896
SKU_0140,2024-12-01,179.0,183.85105652418594,178.34987800120868,196.9701996765841
SKU_0140,2024-12-08,216.0,213.72746562293756,210.9393638633916,215.6545078117288
SKU_0140,2024-12-15,215.0,214.42711478763542,205.86525815765802,216.62936252979333
SKU_0140,2024-12-22,239.0,235.88675793300288,226.8387267991725,240.86278324035385
SKU_0140,2024-12-29,233.0,229.48139574274956,230.38119449029315,233.28112654711535
SKU_0140,2025-01-05,57.0,142.65998552128133,61.81769986032039,178.2670078621882
SKU_0141,2024-12-01,109.0,106.24052913549468,92.66702125172849,108.01552383490895
SKU_0141,2024-12-08,120.0,120.53162934763452,116.97394356822653,121.43494312816466
SKU_0141,2024-12-15,101.0,102.4014124205407,100.38832979383508,103.44437256857445
SKU_0141,2024-12-22,121.0,122.56673944109535,121.03532676273417,122.22770288630021
SKU_0141,2024-12-29,118.0,121.47639979851816,112.29571697730087,119.26256419378143
SKU_0141,2025-01-05,27.0,69.41743662831068,29.294003323522837,92.75179118900807
SKU_0142,2024-12-01,112.0,110.00770222122468,110.8251037778916,112.8600013689375
SKU_0142,2024-12-08,134.0,134.15154364137993,133.1359012234641,136.6448770841209
SKU_0142,2024-12-15,142.0,143.22685573433796,135.50808550016401,141.60373503859793
SKU_0142,2024-12-22,107.0,108.99146999050825,110.49278880536858,108.49735078666887
SKU_0142,2024-12-29,144.0,146.46501882781615,140.50097983606028,145.33969835990354
SKU_0142,2025-01-05,28.0,84.34058555914848,30.789809467333452,107.82514378140391
SKU_0143,2024-12-01,209.0,211.5136047890223,206.154256284002,215.00995805169745
SKU_0143,2024-12-08,232.0,231.36662377491498,223.73268923401906,235.20228640458163
SKU_0143,2024-12-15,240.0,237.39703971661461,229.64230118926594,242.3899459265672
SKU_0143,2024-12-22,214.0,212.67602627795014,211.1208256412313,215.81857485249657
SKU_0143,2024-12-29,206.0,209.78026792015086,206.78428166128262,212.3342682624473
SKU_0143,2025-01-05,73.0,135.060835583798,77.63916764188687,174.2486876416578
SKU_0144,2024-12-01,62.0,64.69638831164843,62.61769227708743,64.15632186681981
SKU_0144,2024-12-08,77.0,78.58500385830484,78.5483464472225,77.2723488891414
SKU_0144,2024-12-15,73.0,69.83909226667139,69.90966737082746,72.73374618462152
SKU_0144,2024-12-22,76.0,75.28864625501394,67.4866161494062,77.01135963144544
SKU_0144,2024-12-29,89.0,87.63006151430599,87.8101198057733,89.09621097053629
SKU_0144,2025-01-05,23.0,52.50268688092563,22.671536603308063,68.00160266588001
SKU_0145,2024-12-01,62.0,64.29982067129329,60.85163196226854,66.06086992673897
SKU_0145,2024-12-08,69.0,67.84734466884201,63.36620314461766,70.75711106066504
SKU_0145,2024-12-15,79.0,78.43841724084653,75.99663257100688,79.56104564566802
SKU_0145,2024-12-22,76.0,74.87025581640803,69.23228776782541,75.60705991590052
SKU_0145,2024-12-29,71.0,70.66810147378368,68.40919437692166,71.98337100404304
SKU_0145,2025-01-05,22.0,46.377398234042815,22.712009103195964,61.92442684888252
SKU_0146,2024-12-01,157.0,162.37230842383667,157.61788406466968,166.91735794368336
SKU_0146,2024-12-08,193.0,194.59781375278806,185.56469997037246,194.16912391084716
SKU_0146,2024-12-15,164.0,165.07619637198061,151.697769639869,165.66050561162018
SKU_0146,2024-12-22,166.0,169.76296717242508,158.66577299825755,175.07278632902435
SKU_0146,2024-12-29,201.0,200.07342853533387,195.83804363430374,201.14436105997493
SKU_0146,2025-01-05,46.0,126.51092354076343,50.168280806360606,148.1256966254196
SKU_0147,2024-12-01,226.0,229.68341089704424,225.24613999704073,235.5135179052668
SKU_0147,2024-12-08,238.0,238.10328046617258,235.7535638491692,237.4299640427225
SKU_0147,2024-12-15,242.0,242.69414036307796,234.81418727337294,241.8172901501823
SKU_0147,2024-12-22,262.0,259.21064533765724,253.29575933532348,263.9970378154594
SKU_0147,2024-12-29,261.0,255.8069208613945,253.28030360306144,263.59826622076713
SKU_0147,2025-01-05,63.0,165.82273806305238,70.7374906614477,190.3798221302585
SKU_0148,2024-12-01,112.0,114.23451234851436,112.47607745114242,112.32721738225776
SKU_0148,2024-12-08,101.0,100.4999537364437,95.02885589275476,101.482094592119
SKU_0148,2024-12-15,125.0,123.55193545652979,119.05889898031295,124.05815204268784
SKU_0148,2024-12-22,125.0,124.57285796862496,118.66614241436102,124.613821506056
SKU_0148,2024-12-29,126.0,123.65742740423006,108.93990141044569,126.8044666696081
SKU_0148,2025-01-05,40.0,79.25781114136447,42.993112155882656,98.68333307942564
SKU_0149,2024-12-01,222.0,222.3448130505887,220.0395977169591,227.0621694154789
SKU_0149,2024-12-08,247.0,245.13279583936583,239.764426967385,247.0901377662534
SKU_0149,2024-12-15,287.0,289.3135898404354,270.85062032281667,290.2195769618833
SKU_0149,2024-12-22,260.0,256.0337317468364,243.61914802210174,257.02530932747015
SKU_0149,2024-12-29,241.0,242.9349410284656,241.18578321680883,244.57319750120595
SKU_0149,2025-01-05,61.0,161.44354075912491,69.24053067606022,185.38964802931864
SKU_0150,2024-12-01,216.0,213.3738769703916,208.70781177015922,220.83209289385917
SKU_0150,2024-12-08,222.0,219.47942283627805,205.37966538810565,220.35619809664172
SKU_0150,2024-12-15,269.0,265.846514223915,262.92686779893273,266.25572438111976
SKU_0150,2024-12-22,225.0,222.76316329293002,220.8179990667446,223.71891154802483
SKU_0150,2024-12-29,246.0,241.91618312791852,245.22738372938434,246.2239322634946
SKU_0150,2025-01-05,81.0,160.68958299537417,88.57543094338659,183.4068417327551
SKU_0151,2024-12-01,16.0,15.66856058287995,16.283827317939913,16.8763357819147
SKU_0151,2024-12-08,19.0,18.841607642473647,19.059399154128638,19.32407137944081
SKU_0151,2024-12-15,19.0,18.608441804008713,17.882706343855467,19.303633174612234
SKU_0151,2024-12-22,17.0,16.804435870477334,15.590741117764571,17.03895578461835
SKU_0151,2024-12-29,15.0,14.674508350504501,14.500888041324258,15.81771827389214
SKU_0151,2025-01-05,5.0,9.370333492400361,10.870983227189662,16.036772199489818
SKU_0152,2024-12-01,197.0,198.57217103890372,194.9058957903646,202.14117351940396
SKU_0152,2024-12-08,270.0,267.09253648341723,254.93621587344515,270.768202141291
SKU_0152,2024-12-15,255.0,256.47036327639927,239.91702080298631,255.9391510763066
SKU_0152,2024-12-22,220.0,219.60784801170547,209.25354895947217,223.55751211552166
SKU_0152,2024-12-29,228.0,231.94920381587062,228.33724020384227,239.24876453808528
SKU_0152,2025-01-05,82.0,146.61909353131074,89.19720100681327,179.39380746730308
SKU_0153,2024-12-01,223.0,226.3216290873008,223.1882057685399,235.40824980997544
SKU_0153,2024-12-08,221.0,222.85226395283456,219.77123889432076,224.53675662199979
SKU_0153,2024-12-15,228.0,226.69637676904378,217.84133715269684,226.7830577300449
SKU_0153,2024-12-22,248.0,244.00757483796835,243.70417085756563,246.96130042839948
SKU_0153,2024-12-29,227.0,226.1950984955732,223.0613822492879,227.8915813973326
SKU_0153,2025-01-05,69.0,143.95716764685193,74.77128017430041,178.41264280107197
SKU_0154,2024-12-01,128.0,129.46376090397283,123.2459887431379,129.9021486643082
SKU_0154,2024-12-08,163.0,163.21188803561344,156.06021163852745,162.36064229140723
SKU_0154,2024-12-15,165.0,166.42767261690256,151.0382262073652,164.78709835398584
SKU_0154,2024-12-22,171.0,169.92673249631022,147.2206246488495,170.37607886466333
SKU_0154,2024-12-29,167.0,168.06237963977208,162.68535151374797,167.37169593263587
SKU_0154,2025-01-05,45.0,103.40621315036576,47.22383063706127,122.92240935618526
SKU_0155,2024-12-01,259.0,255.96533058218128,245.0699810775057,259.2656957581005
SKU_0155,2024-12-08,304.0,298.87291785653537,283.1968132958567,304.6830603109681
SKU_0155,2024-12-15,336.0,331.9883929372274,297.00773651099536,333.1600455971755
SKU_0155,2024-12-22,288.0,278.89407398686615,263.2684518994548,286.92783737296077
SKU_0155,2024-12-29,278.0,285.27878692115405,277.02665008216627,290.5327535094622
SKU_0155,2025-01-05,53.0,186.08047718949527,62.34588456022482,207.29807125590992
SKU_0156,2024-12-01,140.0,139.83708292655973,137.74953218561214,140.28263359691815
SKU_0156,2024-12-08,173.0,173.42237109232673,170.17880311069158,173.4093790729783
SKU_0156,2024-12-15,177.0,177.0359591756613,166.6688665138686,177.35705624032414
SKU_0156,2024-12-22,160.0,156.65286615751808,145.9070781376962,160.3420457682052
SKU_0156,2024-12-29,162.0,163.64844548340616,162.16618207999986,165.66625198872714
SKU_0156,2025-01-05,39.0,106.15421574016979,44.06489755784736,129.6526427523713
SKU_0157,2024-12-01,213.0,217.21426909283625,213.18333386450084,218.73452322446414
SKU_0157,2024-12-08,247.0,245.61787609721694,241.34328627637356,245.9366171483664
SKU_0157,2024-12-15,271.0,271.8240216142352,264.0536681836619,274.7447753941013
SKU_0157,2024-12-22,304.0,301.959151260987,281.8335945680577,300.5218534221148
SKU_0157,2024-12-29,274.0,270.1286211889753,255.28357757381926,272.85995721257086
SKU_0157,2025-01-05,59.0,174.1716259317953,67.43626061500554,200.93955913452965
SKU_0158,2024-12-01,41.0,43.54722404231945,40.709278074583175,41.7986355245992
SKU_0158,2024-12-08,42.0,42.133692378787266,41.86678000785373,41.784785852284635
SKU_0158,2024-12-15,47.0,46.89493452442985,42.20916882049644,47.31941981038872
SKU_0158,2024-12-22,42.0,42.671853482912304,42.7577929599025,43.00658322284649
SKU_0158,2024-12-29,46.0,45.72409464685912,46.09461040669297,47.48424929575388
SKU_0158,2025-01-05,14.0,28.716979951366884,18.197535697516848,37.63063886358112
SKU_0159,2024-12-01,31.0,33.648349471941415,32.26415669423041,36.80089615822757
SKU_0159,2024-12-08,28.0,28.75774591010629,26.7982841583191,29.29161000662918
SKU_0159,2024-12-15,39.0,38.82925646455585,38.38341849311981,40.07276159358338
SKU_0159,2024-12-22,34.0,34.41269749490108,30.59639324444646,34.7818486455795
SKU_0159,2024-12-29,30.0,29.858117842262995,27.06725591243188,32.194091867780855
SKU_0159,2025-01-05,8.0,18.65488641284556,17.53263709625282,31.64434949957518
SKU_0160,2024-12-01,202.0,204.95889955870805,213.2838070718399,215.12858490465044
SKU_0160,2024-12-08,296.0,298.3021372612203,271.1105337014367,294.46166005285767
SKU_0160,2024-12-15,230.0,228.3420320769008,215.9622961034908,231.43932332158462
SKU_0160,2024-12-22,264.0,266.2183078452988,258.99279127599243,272.0545515095132
SKU_0160,2024-12-29,278.0,285.0989414743976,274.5970435523101,281.83906803037524
SKU_0160,2025-01-05,67.0,166.90603050926492,74.73783278094777,198.67547227958264
SKU_0161,2024-12-01,107.0,107.98764383871378,106.86451972403711,108.61929905512446
SKU_0161,2024-12-08,107.0,106.6565552321117,106.16580802207842,107.72703169915975
SKU_0161,2024-12-15,136.0,132.6309206354433,124.8878382924255,134.45691913122525
SKU_0161,2024-12-22,138.0,134.01182832715367,127.03549699994078,138.38875361070828
SKU_0161,2024-12-29,117.0,112.91978162312148,106.13789167036792,118.07106293330057
SKU_0161,2025-01-05,30.0,77.92597432270992,33.599058912799975,105.06132973200539
SKU_0162,2024-12-01,262.0,271.4865710419039,264.406214655804,273.2251175215945
SKU_0162,2024-12-08,286.0,285.961538587209,268.3371286660061,290.77483002700836
SKU_0162,2024-12-15,289.0,283.5036724171471,279.2508089860633,289.7973958134304
SKU_0162,2024-12-22,253.0,252.4005551491425,252.6677138591876,257.58101915208414
SKU_0162,2024-12-29,292.0,290.48906371836983,280.7874180046188,291.3953405276059
SKU_0162,2025-01-05,98.0,188.55869641001013,106.75893765771241,205.69004637347822
SKU_0163,2024-12-01,52.0,51.366450430266994,50.063793821835034,52.99686516302226
SKU_0163,2024-12-08,49.0,48.95409139970295,46.1782145318305,50.00128633714544
SKU_0163,2024-12-15,64.0,65.14556587685732,63.43423194821664,62.80529142990393
SKU_0163,2024-12-22,60.0,59.93231011633089,55.869002172595025,60.41743546066475
SKU_0163,2024-12-29,51.0,51.926666084343395,48.568442537875,52.04598128838223
SKU_0163,2025-01-05,13.0,37.28492630671427,18.090921687461652,49.284664445496716
SKU_0164,2024-12-01,115.0,122.81315178111609,117.18443001622892,127.5442225998052
SKU_0164,2024-12-08,144.0,142.6963228142958,143.8650983040465,143.83126142790994
SKU_0164,2024-12-15,154.0,152.89464469897356,146.22848464228528,153.3991741033137
SKU_0164,2024-12-22,159.0,159.18104216299432,139.2515064815722,159.52038568706064
SKU_0164,2024-12-29,153.0,152.13768423094285,144.46444232967607,154.04169832628156
SKU_0164,2025-01-05,44.0,96.47228827402213,47.47559683287997,117.87667635472565
SKU_0165,2024-12-01,145.0,145.05079618907226,144.84739765932474,145.7475874970345
SKU_0165,2024-12-08,197.0,196.69750661503082,188.30740265301472,197.6350372100443
SKU_0165,2024-12-15,169.0,169.58576010891719,150.46992089926457,169.8585631855887
SKU_0165,2024-12-22,176.0,175.23799446881677,163.60827520346555,182.4573283782482
SKU_0165,2024-12-29,209.0,212.05739570050767,202.35477913268718,209.37428117907425
SKU_0165,2025-01-05,49.0,130.28089729383575,53.07151890792607,155.37345544058272
SKU_0166,2024-12-01,182.0,188.23560029922746,192.49288737136644,197.25576701585337
SKU_0166,2024-12-08,249.0,245.24360834728856,242.80952915137925,250.14148918511955
SKU_0166,2024-12-15,234.0,231.36701354128604,216.6101486543707,234.1623865658418
SKU_0166,2024-12-22,239.0,239.3517631027476,216.40265958049224,237.55412871477805
SKU_0166,2024-12-29,262.0,261.54920431438524,257.6907179316451,264.0961617225111
SKU_0166,2025-01-05,72.0,158.0805392711874,80.20294404071595,190.31632315045775
SKU_0167,2024-12-01,30.0,29.389012945515166,28.386261758808377,30.064350548922473
SKU_0167,2024-12-08,36.0,34.798372773531,34.55267881650691,35.63750023362138
SKU_0167,2024-12-15,30.0,28.342126426846328,25.121274742393922,30.210922236116573
SKU_0167,2024-12-22,37.0,36.95516046336373,36.64914479429996,37.971773665707985
SKU_0167,2024-12-29,30.0,30.823563519918167,29.074145885175923,30.738204965474086
SKU_0167,2025-01-05,7.0,16.5971873226477,17.27965743679897,29.484933770316225
SKU_0168,2024-12-01,214.0,213.24389597552914,212.62817000587577,213.90636413882652
SKU_0168,2024-12-08,264.0,264.64451666214336,253.14733062653767,265.9919673924882
SKU_0168,2024-12-15,247.0,248.7638846857543,234.37354454217245,247.8310027319772
SKU_0168,2024-12-22,225.0,225.9226907283108,218.49091495975838,230.90293951565607
SKU_0168,2024-12-29,233.0,236.58505043956282,234.01071451493937,242.94427664273235
SKU_0168,2025-01-05,81.0,146.5176484659553,88.44826922592856,178.69099230542588
SKU_0169,2024-12-01,273.0,278.15453496350875,272.1931830398167,279.16900132825134
SKU_0169,2024-12-08,295.0,295.64836214609664,279.6974127182753,299.2570800452084
SKU_0169,2024-12-15,300.0,297.17839241218053,275.1697108203742,301.3578345022491
SKU_0169,2024-12-22,299.0,294.8789884229899,284.70020172498255,299.3445787603151
SKU_0169,2024-12-29,314.0,309.6249156944464,291.9282929867513,315.8793352237265
SKU_0169,2025-01-05,81.0,199.11309886432494,92.90517604436528,218.51732232569395
SKU_0170,2024-12-01,194.0,195.83004766402485,193.8850896536299,195.3017891575238
SKU_0170,2024-12-08,227.0,226.14094131158333,223.0113205129787,227.31203683159978
SKU_0170,2024-12-15,266.0,266.01675121286905,259.99491466036017,269.1176248600443
SKU_0170,2024-12-22,251.0,246.80532283688052,230.8687893836591,250.66971328334142
SKU_0170,2024-12-29,197.0,204.0555587562798,202.04103998339812,206.44439240631718
SKU_0170,2025-01-05,56.0,133.39263472781838,60.67385215334368,180.64506568135246
SKU_0171,2024-12-01,180.0,179.61749486742218,179.76469286237221,186.80408607542455
SKU_0171,2024-12-08,206.0,207.41540128949111,197.1644661067934,207.70588830101113
SKU_0171,2024-12-15,221.0,224.45873059123207,207.0945551861822,220.4835698995399
SKU_0171,2024-12-22,196.0,197.5504625992828,184.68461487065363,197.26561603036703
SKU_0171,2024-12-29,220.0,219.32304539008535,218.13620661381398,219.72389869838827
SKU_0171,2025-01-05,47.0,138.4719443868717,51.29723287500703,164.19734981366526
SKU_0172,2024-12-01,258.0,259.34883934135536,250.9234866164389,264.68015045671154
SKU_0172,2024-12-08,291.0,287.7979842725748,271.72438151066444,291.59781582625163
SKU_0172,2024-12-15,259.0,260.7529439849085,260.9739431385628,266.3584670526296
SKU_0172,2024-12-22,302.0,296.022079059889,283.4666982605317,302.01739660566005
SKU_0172,2024-12-29,311.0,311.1553597644009,286.5335273721136,311.6059267605547
SKU_0172,2025-01-05,76.0,195.08352619106128,86.99805182803277,217.636825472864
SKU_0173,2024-12-01,232.0,230.9593630485909,229.3378189490008,237.70079063199503
SKU_0173,2024-12-08,252.0,251.9791565728464,247.10717918287142,252.42861265448065
SKU_0173,2024-12-15,273.0,271.475382777681,264.010060430421,275.6472628708722
SKU_0173,2024-12-22,254.0,252.01695372993927,239.47181364152962,252.1797364356521
SKU_0173,2024-12-29,267.0,262.55471954604764,263.81265009445406,268.92599544182224
SKU_0173,2025-01-05,61.0,167.3662900841525,69.37056326678423,194.2012950980424
SKU_0174,2024-12-01,26.0,26.012881582960837,25.44675856030497,26.249243080136548
SKU_0174,2024-12-08,27.0,27.160148741032867,25.820176449044354,26.885261062728272
SKU_0174,2024-12-15,30.0,30.299333383832476,28.919020137356778,29.90581582899
SKU_0174,2024-12-22,29.0,29.241339688385146,28.123498710761297,29.03755462712441
SKU_0174,2024-12-29,31.0,30.546006084434925,29.452632974453735,30.880249171458267
SKU_0174,2025-01-05,6.0,16.23978933433644,16.89645808720623,25.225027758472784
SKU_0175,2024-12-01,85.0,83.63724655783457,85.26913009587787,85.17217537517013
SKU_0175,2024-12-08,86.0,85.20650282503343,81.93756919828222,86.08800961178635
SKU_0175,2024-12-15,106.0,107.27537063523182,103.32878085542865,107.57220509944919
SKU_0175,2024-12-22,85.0,85.4360530319707,82.81281781869242,88.20119748970455
SKU_0175,2024-12-29,96.0,98.19676169018274,95.61947049819763,100.02060788552856
SKU_0175,2025-01-05,21.0,61.56056079335315,22.573148370364272,83.89008323418507
SKU_0176,2024-12-01,27.0,27.62003990893473,27.276656728079548,27.219087152235304
SKU_0176,2024-12-08,31.0,31.92217367244909,29.94907517043122,31.272723629380657
SKU_0176,2024-12-15,37.0,36.60245919083571,37.36641939407221,37.653059552013104
SKU_0176,2024-12-22,33.0,32.573723262717635,29.960182908808562,33.686219049178305
SKU_0176,2024-12-29,31.0,29.839785075428566,28.407886764556164,32.37444817006683
SKU_0176,2025-01-05,10.0,18.61104717833221,17.59850936870419,29.347271853271515
SKU_0177,2024-12-01,288.0,284.24369846107794,266.86608076329185,289.9436122879405
SKU_0177,2024-12-08,305.0,304.06250613412135,291.65299747816846,307.9549641110303
SKU_0177,2024-12-15,282.0,279.36871919783385,275.2042466459136,282.32640373637213
SKU_0177,2024-12-22,315.0,311.43964632328107,296.0250987487991,315.7547436221841
SKU_0177,2024-12-29,307.0,301.7979533980824,289.38152511985874,307.1699541789898
SKU_0177,2025-01-05,78.0,199.9738843460545,89.76589310400536,213.67179927650676
SKU_0178,2024-12-01,291.0,291.77126436190616,280.48301297941083,294.01609530344126
SKU_0178,2024-12-08,332.0,329.23822208281416,294.8646995426709,332.9010664812481
SKU_0178,2024-12-15,296.0,294.5406462558871,270.50629010675516,297.00618978677284
SKU_0178,2024-12-22,343.0,330.2814393520923,294.0313405896696,333.00534892658703
SKU_0178,2024-12-29,282.0,271.54600289856694,266.9403045809956,274.8987662180123
SKU_0178,2025-01-05,55.0,188.73991017891765,66.05887027773424,209.5653948470002
SKU_0179,2024-12-01,33.0,32.22033573698516,29.96014868638569,33.570399919162014
SKU_0179,2024-12-08,41.0,42.10360728322203,38.62193062443764,41.97372100241905
SKU_0179,2024-12-15,37.0,37.207152506278106,31.77612389035037,37.72214424067193
SKU_0179,2024-12-22,38.0,39.086063679333606,33.97682885270904,39.323408740056585
SKU_0179,2024-12-29,41.0,40.921753928790714,39.098127327297604,42.51765621349591
SKU_0179,2025-01-05,13.0,25.05284817112526,17.921254979455604,32.087502154893095
SKU_0180,2024-12-01,167.0,168.39047797856418,167.28327694355437,166.85555086786158
SKU_0180,2024-12-08,215.0,215.81604841110968,206.86799809458475,213.9263284395121
SKU_0180,2024-12-15,186.0,183.4607473328743,172.28946812248833,184.38535883174305
SKU_0180,2024-12-22,209.0,206.99515277942297,200.08428484484514,210.4236769881284
SKU_0180,2024-12-29,188.0,189.50787708126867,188.53430970302477,194.37887714077948
SKU_0180,2025-01-05,44.0,124.91913049073868,48.12689760423297,153.7551961527862
SKU_0181,2024-12-01,186.0,186.68444561533613,186.54388998073753,194.22880515483237
SKU_0181,2024-12-08,255.0,258.2169415205433,243.18563409629175,258.43822822223564
SKU_0181,2024-12-15,221.0,221.05363259558354,207.2731904335397,224.38666413241398
SKU_0181,2024-12-22,206.0,207.1672958774808,204.23109448700617,215.34346317793526
SKU_0181,2024-12-29,211.0,217.6516069468471,213.8187777765963,232.76730290916052
SKU_0181,2025-01-05,69.0,136.03699155397675,73.53832285798849,164.76980540063764
SKU_0182,2024-12-01,142.0,141.01936090638046,137.33621958284746,141.51930365770647
SKU_0182,2024-12-08,140.0,140.49450787620992,133.99240589263425,139.89097596427584
SKU_0182,2024-12-15,136.0,135.28815569541067,125.73649802135108,135.51569933700668
SKU_0182,2024-12-22,164.0,164.76693510209725,160.81225156380674,163.68786740781496
SKU_0182,2024-12-29,156.0,155.5052252120605,142.32165968512857,157.66003100521783
SKU_0182,2025-01-05,23.0,90.77634537192945,27.079152582260257,118.08537774127348
SKU_0183,2024-12-01,232.0,233.82093028568008,230.90631936409866,245.22544668327535
SKU_0183,2024-12-08,263.0,262.31378694759024,254.81888719872285,264.8582088021428
SKU_0183,2024-12-15,243.0,241.32464466438194,229.80324628857412,245.93978004227762
SKU_0183,2024-12-22,236.0,234.07175126689876,231.01765379124538,239.60119302515184
SKU_0183,2024-12-29,254.0,254.92289904280227,252.57274830402727,261.3444251193077
SKU_0183,2025-01-05,71.0,157.4745023486126,79.2146789118325,186.94674519273644
SKU_0184,2024-12-01,224.0,223.80138076272289,212.84671318236698,222.2892722566422
SKU_0184,2024-12-08,233.0,231.61419552812765,229.68480520563054,233.13977248849326
SKU_0184,2024-12-15,279.0,276.73650076624887,270.36985465943354,281.0872323549486
SKU_0184,2024-12-22,253.0,247.45843455838946,237.3845908452052,251.86417163524214
SKU_0184,2024-12-29,259.0,253.17156484257845,245.88829029697987,258.5807508931317
SKU_0184,2025-01-05,70.0,166.3403001349651,77.24615318749692,191.364470781821
SKU_0185,2024-12-01,238.0,241.13511472223226,234.25800048883798,239.92690538957942
SKU_0185,2024-12-08,245.0,245.1854971994151,230.0460393564254,248.5846297617815
SKU_0185,2024-12-15,260.0,261.17119419498823,236.51254629113436,263.9330675723569
SKU_0185,2024-12-22,217.0,216.19274956335016,215.53102521426152,219.61214534665933
SKU_0185,2024-12-29,230.0,231.27438015279668,230.35106691916653,238.50817406139709
SKU_0185,2025-01-05,71.0,146.03084379023676,78.75577524405888,180.58065279754237
SKU_0186,2024-12-01,209.0,209.6719098275848,197.41740731415206,209.40206571142772
SKU_0186,2024-12-08,208.0,206.05066106018884,191.13104441656716,210.0013377585888
SKU_0186,2024-12-15,211.0,209.6896146461166,192.81840566939948,209.90480477151732
SKU_0186,2024-12-22,218.0,218.0387725126995,215.141376683165,219.3020019378435
SKU_0186,2024-12-29,208.0,208.6528770152218,207.2956156553,209.49419938337348
SKU_0186,2025-01-05,70.0,135.01419723756618,75.07358938984682,162.04088762000782
SKU_0187,2024-12-01,193.0,195.72933351857912,191.92263404549874,202.56147871711585
SKU_0187,2024-12-08,231.0,231.39754984345865,226.4952311975791,231.3307027410932
SKU_0187,2024-12-15,266.0,265.15801433375776,262.1808317704415,268.3753076750761
SKU_0187,2024-12-22,250.0,243.98459107161986,226.145374741679,247.99618413808622
SKU_0187,2024-12-29,230.0,225.10955541435757,230.06689593594228,234.05349917904243
SKU_0187,2025-01-05,72.0,154.54713234220705,79.63991070137669,182.63007715840396
SKU_0188,2024-12-01,73.0,73.26612861014205,65.03103902946833,74.02005050292851
SKU_0188,2024-12-08,79.0,81.4460506535445,80.30641516521301,80.39335088325367
SKU_0188,2024-12-15,81.0,84.41426495207915,82.38379974319588,84.40667463986154
SKU_0188,2024-12-22,106.0,104.66738569086154,97.4966808289765,107.01372877983941
SKU_0188,2024-12-29,94.0,93.70108183654676,82.89648560380057,95.1255717113573
SKU_0188,2025-01-05,26.0,60.52925841004882,26.290782544751895,81.85029541166091
SKU_0189,2024-12-01,76.0,74.90321604040108,76.06488923931308,75.96748502833074
SKU_0189,2024-12-08,115.0,113.88377201969753,107.63821625073449,117.109116914603
SKU_0189,2024-12-15,107.0,107.22098704463147,92.72724797341698,108.57221664243231
SKU_0189,2024-12-22,105.0,103.1818116403777,86.32107884145493,106.43869521818827
SKU_0189,2024-12-29,106.0,107.9259973237688,105.24242338618336,113.7486001046031
SKU_0189,2025-01-05,29.0,63.61560355610828,29.817237457200566,83.56886523446937
SKU_0190,2024-12-01,27.0,25.51685339448521,26.358328632453485,26.648218892389277
SKU_0190,2024-12-08,28.0,28.01884229514052,26.641923857933932,27.58038568164049
SKU_0190,2024-12-15,23.0,22.097542697233106,21.097642543160894,23.238066839128518
SKU_0190,2024-12-22,29.0,28.68417846795458,27.706321015744606,29.25782820490446
SKU_0190,2024-12-29,27.0,26.243078331996486,26.103522709478725,27.032513932099338
SKU_0190,2025-01-05,6.0,14.644113190751154,16.531949280547163,23.782606400998162
SKU_0191,2024-12-01,23.0,22.113529763064914,21.926948396067036,24.22407895435964
SKU_0191,2024-12-08,28.0,28.51680372042015,27.73751031803592,30.68014846516294
SKU_0191,2024-12-15,30.0,31.511818764038406,28.75427170865763,31.218248015558995
SKU_0191,2024-12-22,31.0,30.948859690881427,27.145745615600053,30.95145369520842
SKU_0191,2024-12-29,31.0,30.518700248707614,28.777808866944717,31.033769485916405
SKU_0191,2025-01-05,7.0,15.842687051806168,16.97376237423044,25.231660787283186
SKU_0192,2024-12-01,141.0,138.0126734975833,134.85803170066666,142.02484241759902
SKU_0192,2024-12-08,123.0,123.24845967670082,117.57477679343747,124.98286296578934
SKU_0192,2024-12-15,132.0,134.09023963534693,133.30791158805565,132.53586482296112
SKU_0192,2024-12-22,131.0,134.00633994092988,131.36551563712936,139.93778563524032
SKU_0192,2024-12-29,135.0,132.9870506481129,128.5418115591624,135.3901623023082
SKU_0192,2025-01-05,34.0,80.79061885448124,36.437958575937884,103.615631304892
